"","logFC","AveExpr","t","P.Value","adj.P.Val","B"
"126",-376255.488926261,5798203,-0.248622531752642,0.808359136581524,0.999964564224971,-4.59511985038142
"155",139992.487913014,1598462.08333333,0.278642608415462,0.785829398869689,0.999964564224971,-4.59511985037372
"168",266040.598817959,1640273,0.678101664220745,0.512102004785642,0.999964564224971,-4.59511985027783
"285",310921.545076398,1438271.83333333,0.574259761905687,0.577662343823032,0.999964564224971,-4.59511985031269
"315",202818.416919437,546454.5,1.1738997328912,0.26589716774291,0.909873484022211,-4.59511985004719
"328",226202.848214186,508601.583333333,1.11348132500119,0.289885379190802,0.912573300049572,-4.59511985007247
"302",-468584.500000001,3222126.58333333,-0.376773613073781,0.71370521460162,0.999964564224971,-4.59511985038889
"346",192743.274297403,687272.916666667,0.950821745680686,0.362674164634706,0.957960034862707,-4.59511985016034
"518",-2669454.66666667,10093904.3333333,-0.573400087909793,0.57822357060162,0.999964564224971,-4.59511985033015
"504",-93463.7880209137,244540.833333333,-1.68640183447882,0.120612646654886,0.763547829236716,-4.59511984974982
"497",43297.0496248872,658118.5,0.447589933726609,0.663373256462211,0.999964564224971,-4.59511985034718
"550",-111008.316011864,928428.416666667,-0.423765993586822,0.68012810426946,0.999964564224971,-4.59511985037576
"600",-411218.5,2337889.25,-0.288682847008837,0.77833877539501,0.999964564224971,-4.59511985040774
"614",-6560301.60635063,16918911.3333333,-1.06409242692602,0.310706723744621,0.912573300049572,-4.59511985009866
"599",-26121651.5,58555039.25,-1.52265051877267,0.156831787035142,0.797380973312059,-4.59511984980915
"575",-10474.1848646713,1166531.16666667,-0.0390287195179846,0.969586016265123,0.999964564224971,-4.59511985040516
"609",-11160603.0950977,38686169.5833333,-1.3430517090919,0.20704378577182,0.852664193017281,-4.59511984993484
"601",-92.0000000008439,3255071.16666667,-4.54603096813431e-05,0.999964564224971,0.999964564224971,-4.5951198504349
"699",-6614896.50000001,77849922.4166667,-0.371604178343798,0.71743962813762,0.999964564224971,-4.59511985039013
"627",-870639.653779657,1502956.33333333,-2.22901287474323,0.0482519011944849,0.622538769009549,-4.59511984934969
"638",803604.136622124,5133214.83333333,0.309618931670666,0.76279569268932,0.999964564224971,-4.59511985039917
"596",-17147.410551723,494329.166666667,-0.0883516195564198,0.931228779122024,0.999964564224971,-4.59511985042449
"635",525555.480847363,3140034.75,0.357167864047941,0.727909230134151,0.999964564224971,-4.59511985039259
"658",114911.666666667,2218444.16666667,0.096971630924175,0.924541059322869,0.999964564224971,-4.59511985043181
"611",-49774.0000000002,677381.166666667,-0.127511090080875,0.900900200733542,0.999964564224971,-4.59511985042956
"617",-181828.343931822,1213477.16666667,-0.346758138233262,0.735495053178928,0.999964564224971,-4.59511985038134
"644",408.002040630391,735017,0.00118408338786982,0.999077021205143,0.999964564224971,-4.59511985042766
"616",-3757685.66145755,13555870.9166667,-1.11558887021974,0.289021322227142,0.912573300049572,-4.59511985007454
"657",117592.112135179,2278496.66666667,0.224706515934147,0.82644018900334,0.999964564224971,-4.5951198503845
"668",-54497.7772776226,456145,-0.287489011447795,0.779228231004472,0.999964564224971,-4.59511985039984
"652",133241.745364421,957571.333333333,0.290608251920801,0.776904972289296,0.999964564224971,-4.59511985040337
"689",-34813.0184612793,468235.583333333,-0.373947419596861,0.715745898462659,0.999964564224971,-4.59511985037319
"721",5992109.18688774,30255978.3333333,0.835090672983772,0.421917912171771,0.999964564224971,-4.59511985021682
"713",4196795.7496849,12258855.75,1.35990409227021,0.201818992669906,0.849414002116196,-4.5951198499273
"732",-179832,1067931.5,-0.42110860949593,0.682008467104711,0.999964564224971,-4.59511985037762
"730",452623.499999999,4232328.75,0.215480630889281,0.833444093434633,0.999964564224971,-4.59511985041971
"726",-57970.1666666665,1813006.91666667,-0.0559816177684615,0.956387896830969,0.999964564224971,-4.59511985043387
"734",-254550.999999999,3560306.33333333,-0.128650409005258,0.900020038502045,0.999964564224971,-4.59511985042947
"725",-67850,1130816.83333333,-0.127133828994168,0.901191678454897,0.999964564224971,-4.5951198504296
"718",9001271.80554038,24680352.6666667,1.42575267612894,0.182449549343132,0.829266205139967,-4.59511984989154
"739",-555005.666666667,17212947.3333333,-0.0581279897488935,0.95471780002829,0.999964564224971,-4.59511985043379
"742",966786,7430626,0.263463954165844,0.797196606982843,0.999964564224971,-4.59511985041225
"708",-83304.8333333334,606011.75,-0.349031217710888,0.733836046497737,0.999964564224971,-4.59511985039534
"738",-209222.414219357,3027927.16666667,-0.16695853603561,0.870515387213706,0.999964564224971,-4.59511985042331
"704",-29062.0102186875,210911.666666667,-0.516812872951838,0.615798509735587,0.999964564224971,-4.59511985033395
"712",-97293.6232095266,571903.333333333,-0.74893466238466,0.470037558768272,0.999964564224971,-4.59511985024349
"714",-634187.656791595,7410435.66666667,-0.260737524150058,0.799243733574116,0.999964564224971,-4.59511985040898
"741",49578.4999999995,2184924.58333333,0.0473579937213855,0.963100084193192,0.999964564224971,-4.59511985043416
"729",2301126.61356304,26453182.9166667,0.42981787609073,0.675854307582571,0.999964564224971,-4.59511985036987
"715",-250898.235447865,1648239.33333333,-0.423389343398647,0.680394483473247,0.999964564224971,-4.59511985036331
"727",-239020.526275983,916187.25,-0.568162470728927,0.581649212637877,0.999964564224971,-4.59511985032975
"722",-377276.255927084,1588591.33333333,-0.692695742920581,0.503254477778545,0.999964564224971,-4.59511985027495
"724",34810.6319064201,264070.583333333,0.309393365591167,0.762962586191434,0.999964564224971,-4.59511985039741
"785",12354.8333333332,813062.583333333,0.0339830905514134,0.973516155583151,0.999964564224971,-4.59511985043452
"762",-72643.8333333334,698116.583333333,-0.183249482768884,0.858027726856624,0.999964564224971,-4.5951198504239
"774",-18167.2373401005,441701.083333333,-0.0805835224935867,0.937260337139941,0.999964564224971,-4.59511985043034
"767",-181012.333333333,1114869.83333333,-0.30666981347432,0.764978702117992,0.999964564224971,-4.59511985040428
"840",8890287.83333333,40681463.25,1.06732930927522,0.309308295119254,0.912573300049572,-4.59511985009681
"803",-150530.295233287,431563.25,-1.10073974571293,0.295151629095058,0.912573300049572,-4.59511985008139
"782",62562.4042108269,1801247.91666667,0.143424789328354,0.888619527100028,0.999964564224971,-4.59511985040844
"806",-62797.9936984786,637872.583333333,-0.425749655686822,0.678725949408832,0.999964564224971,-4.5951198503485
"812",-647389.062213762,2845177.16666667,-1.34723786798492,0.205735552625391,0.852284465160633,-4.59511984994304
"816",119953.453941131,1473946.58333333,0.261376649703407,0.798763706791463,0.999964564224971,-4.5951198504086
"822",-3636.83333333317,1536401.58333333,-0.00566159302876873,0.995586880810211,0.999964564224971,-4.59511985043488
"821",497942.615496955,2514405.91666667,0.605505918569213,0.557465149409608,0.999964564224971,-4.59511985030977
"809",-56557.359594858,376967.416666667,-0.669787433224022,0.517183744046388,0.999964564224971,-4.59511985028845
"811",891787.438056406,11875836.8333333,0.23088362267623,0.821759573665787,0.999964564224971,-4.59511985041557
"826",3660.20273295835,680734,0.0208620144033438,0.983739595599772,0.999964564224971,-4.59511985040032
"817",-191757.720439003,1050922.33333333,-0.469411662836222,0.648193632805702,0.999964564224971,-4.59511985035674
"815",-96819.8538182797,958136.916666667,-0.381587325807129,0.710234823817069,0.999964564224971,-4.5951198503725
"819",457767.301093505,1476647.58333333,1.02773075740504,0.326744862850362,0.933905093072305,-4.59511985011987
"828",-130498.746660948,2007833.41666667,-0.758169583162571,0.464718059875723,0.999964564224971,-4.59511985023387
"832",1169892.95895089,2466761.16666667,1.38194935168123,0.19515076465102,0.837453232052325,-4.59511984990841
"835",918827.127609485,2335702.83333333,1.16511403676166,0.26928537582792,0.909873484022211,-4.59511985004068
"820",-73576.5077400662,431965.916666667,-0.600776662692472,0.560496686020688,0.999964564224971,-4.59511985030662
"836",-134378.396721825,623496,-0.679778198948811,0.511080913538025,0.999964564224971,-4.59511985028611
"837",-80708.8653245122,1174577.83333333,-0.170899938348771,0.867490610916513,0.999964564224971,-4.59511985041501
"841",-129984.325351067,1112988.25,-0.370648400676797,0.718130936291165,0.999964564224971,-4.59511985037393
"834",-11734.6502106899,333495.5,-0.133577394930556,0.89621541295367,0.999964564224971,-4.59511985040653
"869",-710222.767327031,766784.583333333,-6.31155209380662,6.49461921372838e-05,0.0248743915885797,-4.59511984807984
"868",-309107.087754138,594598.5,-2.63730330056276,0.0235858365619796,0.481389343067658,-4.59511984925022
"906",-267964.03139083,1145092.33333333,-1.28856202536024,0.224709626502065,0.88270550718247,-4.59511984997127
"881",-31214.7467923166,312425.083333333,-0.358952400662248,0.726611827759579,0.999964564224971,-4.59511985037104
"884",-171183.936029767,926346.166666667,-0.643489906962354,0.533452332511359,0.999964564224971,-4.59511985029925
"903",-305726.810757658,1996472.91666667,-1.5745571147796,0.144435001267373,0.78466107071495,-4.59511984980441
"854",18326.6744702566,1779965.91666667,0.0848037812626479,0.933982969646307,0.999964564224971,-4.59511985043216
"917",-95173.0229815648,2560881.41666667,-0.138071585771737,0.892747372763962,0.999964564224971,-4.59511985041944
"950",3325897.88289469,22382977.3333333,1.04464826651553,0.319207737213191,0.922465937217652,-4.59511985011051
"880",556382.303694144,4167035.16666667,0.683358781726027,0.508904247948024,0.999964564224971,-4.59511985027673
"954",-5009605.66666667,21451932,-0.852055842119893,0.412844242579498,0.999964564224971,-4.59511985021165
"974",2234573.01072094,23197013.1666667,0.554983684035158,0.59031654967585,0.999964564224971,-4.59511985032445
"925",22257.2869720846,1016007.41666667,0.130302962742123,0.898743635709622,0.999964564224971,-4.59511985038993
"910",-18449.5035768561,196045.333333333,-0.31960396889606,0.755420661012129,0.999964564224971,-4.59511985037172
"967",-1763749.5,11854363.5833333,-0.526182207725055,0.609492558827139,0.999964564224971,-4.59511985034627
"927",-139161.085773086,706540.333333333,-0.930515517460276,0.372618493913705,0.961029516289219,-4.5951198501671
"938",-16069.8333333335,880700.083333333,-0.0424033914251299,0.966957883596263,0.999964564224971,-4.59511985043431
"941",-13817.6666666665,1006821.16666667,-0.0307853899293089,0.976007295655021,0.999964564224971,-4.59511985043458
"966",-245723.250273412,9293313.91666667,-0.119339818305314,0.907216801000586,0.999964564224971,-4.59511985042881
"957",-462633.833333334,4263603.25,-0.200775725926308,0.844638558383301,0.999964564224971,-4.59511985042171
"960",-1244819.33333333,5167127.16666667,-0.45063170178064,0.661247615315604,0.999964564224971,-4.59511985036946
"968",24610.0310482748,1961514.33333333,0.025799594520689,0.979891959600403,0.999964564224971,-4.59511985042604
"969",-25342.6666666665,1265822.66666667,-0.0443774622909912,0.96542070185553,0.999964564224971,-4.59511985043425
"970",-95867.0209768906,2140147.41666667,-0.0875478717069934,0.931852648119414,0.999964564224971,-4.59511985043081
"999",1506068.08894143,8931559.83333333,0.837227532567661,0.420767706072122,0.999964564224971,-4.59511985021631
"958",-45029.4488172841,871751.166666667,-0.123328471496525,0.904132602174781,0.999964564224971,-4.59511985042662
"1047",-457549.497139378,3051426.5,-0.640318438035784,0.535434189489127,0.999964564224971,-4.59511985028474
"1013",-447138.177328096,5380358.58333333,-0.288849906448885,0.778214335873184,0.999964564224971,-4.59511985040511
"1064",836411.119898254,4106430.66666667,1.40083801688758,0.189585298881765,0.829841936819612,-4.59511984992024
"1009",115642.843931346,2569877.83333333,0.152498308799332,0.881630915220539,0.999964564224971,-4.59511985042357
"1039",-449776.713974338,2856852.08333333,-0.537759007953396,0.601746579013111,0.999964564224971,-4.5951198503409
"1022",-346177.451604968,869594.166666667,-2.36661503448699,0.0379651041972191,0.570220976766076,-4.59511984939028
"1010",-498823.590096824,2702074.91666667,-0.613523126650897,0.552346933145967,0.999964564224971,-4.59511985031492
"1046",-306183.673254251,4101438,-0.201795053396474,0.843861378685936,0.999964564224971,-4.59511985041791
"1026",-47702.1666666667,1272531.41666667,-0.0895251636767075,0.930317961351618,0.999964564224971,-4.59511985043227
"1045",-300190.856008489,1413067.33333333,-0.640024372901701,0.535618166454036,0.999964564224971,-4.59511985029981
"1043",-252520.7054652,1672076.25,-0.607933162098363,0.555912799550679,0.999964564224971,-4.59511985031279
"1143",-665928.733843396,5357977.25,-0.379971126600367,0.711399241483083,0.999964564224971,-4.5951198503847
"1063",998260.097221546,3073858.75,3.94368042306143,0.00242097544998051,0.154538932890422,-4.59511984874405
"1096",-293499.149961775,4829371.16666667,-0.229259851317498,0.822989267722751,0.999964564224971,-4.59511985040879
"1130",-179953.686849288,2163905.41666667,-0.259256807495149,0.800356186189288,0.999964564224971,-4.59511985040744
"1146",-1509028.08924491,12496662.6666667,-0.52058806540466,0.613253698015988,0.999964564224971,-4.59511985033295
"1093",-59619.0000000002,950981.333333333,-0.261637457893921,0.79856784711032,0.999964564224971,-4.59511985041256
"1098",-2962.47698227194,1088664,-0.0111131846547857,0.991337598644015,0.999964564224971,-4.5951198504334
"1088",-14120.789384154,180145.75,-0.290325734749187,0.777115301741709,0.999964564224971,-4.5951198503844
"1134",-368765.483652657,1127058.75,-1.78650184219208,0.102339990534121,0.706238132875102,-4.5951198496971
"1209",2019747.16666666,18008122.75,0.391583872706977,0.703049955852465,0.999964564224971,-4.59511985038526
"1151",-259568.48613269,3961215.33333333,-0.238747629345561,0.815811258389615,0.999964564224971,-4.59511985041077
"1120",25837.8929593726,203742.5,0.527980325751247,0.60828611883876,0.999964564224971,-4.59511985029406
"1126",-9688.89180958029,205103.166666667,-0.200938880435302,0.844514150603553,0.999964564224971,-4.59511985036569
"1164",-263808.166666667,1827779.91666667,-0.423398664754583,0.680387890557157,0.999964564224971,-4.595119850377
"1145",104639.333333333,832562.5,0.35360657220195,0.730501045756554,0.999964564224971,-4.59511985039431
"1181",-37235.4742356327,146639.333333333,-0.762353367929935,0.462320782768165,0.999964564224971,-4.59511985025177
"1245",-3200341.84014019,33943980.1666667,-0.442201359248338,0.667146508467665,0.999964564224971,-4.59511985036748
"1174",-98909.5451706197,391367.833333333,-1.19705873364272,0.25712692204264,0.909873484022211,-4.59511985003849
"1222",-36588.1500977617,238308.166666667,-0.75039442914452,0.46919414733276,0.999964564224971,-4.59511985025306
"1203",-71054.1464165002,1099830.58333333,-0.253558295961233,0.80464174892698,0.999964564224971,-4.59511985039428
"1254",-5272587.83333334,39441503.5833333,-0.499222395208768,0.62772553142107,0.999964564224971,-4.59511985035492
"1198",-62448.9917796313,460951.916666667,-0.439691126592141,0.668907559579304,0.999964564224971,-4.59511985036976
"1223",-112103.333333333,597492.166666667,-0.379850156692256,0.711486427347312,0.999964564224971,-4.59511985038815
"1191",-160046.545583519,758930.25,-0.702715253438082,0.497234096536272,0.999964564224971,-4.5951198502736
"1237",48911.4999999997,2205065.58333333,0.0620736533651973,0.951648270670854,0.999964564224971,-4.59511985043363
"1218",-525763.951816646,1424020.16666667,-1.72103983128681,0.113981479068457,0.750039889412133,-4.59511984969471
"1225",-74941.0000000002,1279250.83333333,-0.175233132790665,0.864167723963138,0.999964564224971,-4.59511985042484
"1247",-152231.214831359,759608.666666667,-0.559714494203896,0.587197388198444,0.999964564224971,-4.59511985032705
"1309",-1179553.98384682,5633736.33333333,-0.952154351587616,0.362028269578,0.957960034862707,-4.59511985015877
"1324",-387974.833333334,4661085.91666667,-0.246468782738805,0.809982800551709,0.999964564224971,-4.59511985041506
"1310",-238824.24159015,4810769.91666667,-0.205540347648035,0.841007304664237,0.999964564224971,-4.59511985041549
"1306",-727829.833333334,2071799.75,-0.976920986600823,0.350174390798565,0.947821849299296,-4.59511985014717
"1308",673801.999999998,9217141.16666667,0.237375511563376,0.816848261453391,0.999964564224971,-4.59511985041649
"1368",-1321683.12761236,22402945.3333333,-0.420953633452567,0.682118198023773,0.999964564224971,-4.59511985036862
"1378",-1835485.63241722,32608874.5,-0.408020618325553,0.691302350161456,0.999964564224971,-4.59511985037304
"1311",-200409.103276974,4365466.91666667,-0.20801533072817,0.839122571990011,0.999964564224971,-4.59511985041963
"1495",16870369.1666667,55374798.25,1.12916216698914,0.283504057923569,0.909873484022211,-4.5951198500608
"1336",3202.03013085534,1485767.08333333,0.00572126466358125,0.995540368298628,0.999964564224971,-4.59511985042498
"1313",-368772.5,9110728.08333333,-0.124869172058241,0.902941706523958,0.999964564224971,-4.59511985042978
"1333",1432710.01743018,10808785.9166667,1.24280699529366,0.240479341839666,0.897184636001153,-4.59511984999508
"1390",-1341819.82804413,22820009.9166667,-0.318370252535528,0.756330530393394,0.999964564224971,-4.59511985039982
"1299",2583710.67142865,19007717,0.888070937542976,0.39402415916449,0.98634805856209,-4.59511985019321
"1316",-181381.380670303,2591144.83333333,-0.278630580281509,0.785838386394258,0.999964564224971,-4.59511985039561
"1326",-54783.2609111655,1753522.5,-0.155465485671262,0.879347792289338,0.999964564224971,-4.59511985041786
"1327",1551525.54874808,4440652.25,1.81250879378166,0.09802281963658,0.689595679013132,-4.59511984964046
"1317",-34341.2895431219,1989394.58333333,-0.106021704740945,0.917526259754305,0.999964564224971,-4.59511985039751
"1312",-720273.982307579,4991810.58333333,-0.550084719303332,0.593555766303349,0.999964564224971,-4.59511985033135
"1300",-661237.779315087,1667901.66666667,-2.88541973712263,0.0152137172336155,0.388456913364983,-4.59511984922475
"1325",168079.178186177,2252125.41666667,0.174799737429043,0.864499948190878,0.999964564224971,-4.59511985041947
"1323",101879.857082842,1154971.58333333,0.437996953065665,0.670097286442887,0.999964564224971,-4.59511985035218
"1328",-202155.502173771,1500073.33333333,-0.653034107202377,0.52751384390966,0.999964564224971,-4.59511985028873
"1337",-342082.310313547,4745236.5,-0.28246191503894,0.782977240743942,0.999964564224971,-4.59511985039462
"1334",-404317.617524108,1802913,-0.881718378033991,0.397299999096656,0.987394103177822,-4.59511985019143
"1352",130289.15468825,1560386.5,0.368478625127975,0.719701302400693,0.999964564224971,-4.59511985038523
"1318",-180457.154385078,515697.083333333,-1.41922166398392,0.184297727129714,0.829266205139967,-4.59511984987986
"1356",129169.239087832,4445663,0.178311534834299,0.861808734719362,0.999964564224971,-4.59511985041655
"1341",-399009.653077164,1230696.33333333,-1.98654414600145,0.0731765341827364,0.689595679013132,-4.59511984957849
"1379",-1301603.43760237,2159167,-2.60578657896954,0.0249347729287804,0.481389343067658,-4.59511984917139
"1449",-23429.5583239025,13174857.3333333,-0.0117505085826306,0.990840847664327,0.999964564224971,-4.59511985041199
"1425",-423020.406904759,2136895.66666667,-0.921802226961014,0.376944383398815,0.96892415330031,-4.59511985017199
"1421",-1691967.79337163,6188461.91666667,-3.81595726369687,0.00300639260632004,0.164492624031511,-4.59511984870035
"1436",-518216.000000002,7262459.33333333,-0.367988072612293,0.720056525971668,0.999964564224971,-4.59511985039099
"1431",-33875.4513641471,2195513.83333333,-0.0726393381723238,0.943432884161529,0.999964564224971,-4.59511985042099
"1406",-1122797.96784824,2117821.83333333,-1.34999520309247,0.204877606255407,0.852284465160633,-4.59511984992825
"1496",-366671.231174765,28918475.5833333,-0.092064125564323,0.928347767318489,0.999964564224971,-4.59511985038773
"1437",571067.447390489,3591371.25,2.13959445032396,0.0563197524532019,0.631270835383275,-4.5951198494524
"1407",-57326.9832919375,265377.833333333,-0.79624354552,0.443194817887179,0.999964564224971,-4.59511985023725
"1459",598024.532851334,6723618,0.464109358497546,0.651866996175674,0.999964564224971,-4.59511985035648
"1467",-251691.764290912,3085557,-1.06879945523195,0.308674723017515,0.912573300049572,-4.59511985010673
"1485",-1857560.79259926,16400392.6666667,-1.16510851130836,0.269287517349549,0.909873484022211,-4.59511985004773
"1472",-1144027.92761916,4514207.16666667,-2.5600295066488,0.0270298845214593,0.481389343067658,-4.59511984912225
"1448",5472.16666666641,829252.916666667,0.021382369886817,0.983334083566195,0.999964564224971,-4.59511985043474
"1484",766295.269735471,14253439.75,0.288694149015716,0.778330356531368,0.999964564224971,-4.59511985040399
"1464",-770588.775277357,18566984.0833333,-0.635689847760931,0.538334216260684,0.999964564224971,-4.59511985028653
"1471",1302957.25760522,2837837.83333333,1.90958639013321,0.083340280232528,0.689595679013132,-4.5951198495747
"1458",-870080.005306467,2466226,-1.18871564241405,0.260259623695798,0.909873484022211,-4.59511985003168
"1452",-1426945.23780199,23990207.0833333,-0.444974390263954,0.665203530610272,0.999964564224971,-4.59511985036165
"1473",5052.78564744744,410804.416666667,0.0431376932662593,0.966386076105046,0.999964564224971,-4.59511985042022
"1438",-980124.905685297,3230166.75,-1.61158369514789,0.136124716732663,0.78466107071495,-4.59511984975628
"1479",-193295.734334143,2782930.41666667,-0.722465198870196,0.485496520439503,0.999964564224971,-4.59511985026949
"1511",-467098.860474334,996160.5,-1.65514045993168,0.126891646350682,0.769241695528907,-4.59511984975425
"1512",81203.5982038743,4644419.83333333,0.0563277593350522,0.956118548253854,0.999964564224971,-4.59511985043197
"1518",-101184.666666667,337996.166666667,-0.848547498127529,0.414709726769537,0.999964564224971,-4.59511985021336
"1520",-169005.34345327,584808.5,-1.01212702947466,0.333813281094517,0.938765583415107,-4.59511985012818
"1535",185064.908345616,2458225.5,0.281635741387109,0.783593924078039,0.999964564224971,-4.59511985039472
"1517",-362425.909753687,2198343,-0.930959799670875,0.372398867868918,0.961029516289219,-4.59511985016718
"1513",-231972.222774972,739868,-1.71455760299236,0.115196954288252,0.750039889412133,-4.59511984972363
"1499",103307.166666666,2742584.91666667,0.127753308037026,0.900713067479628,0.999964564224971,-4.59511985042954
"1543",-149476.613834706,4086331.5,-0.464042500095303,0.651913376864273,0.999964564224971,-4.59511985032705
"1526",-163772.337042254,2443415.25,-0.286900362927692,0.779666919905084,0.999964564224971,-4.59511985039636
"1525",-283265.529272637,2340109.41666667,-0.49538351737495,0.630343480071418,0.999964564224971,-4.59511985034829
"1564",2425329.57300104,4200144.08333333,2.54712279331174,0.0276516071735991,0.481389343067658,-4.59511984927402
"1548",10808.2663184664,1950716.33333333,0.0188159513818227,0.985334134136069,0.999964564224971,-4.59511985042103
"1553",-183377.226972632,3589908,-0.132527924821734,0.897025589585559,0.999964564224971,-4.59511985041657
"1603",-2583786.45562512,25757245.5833333,-1.40655789994431,0.187926568165819,0.829266205139967,-4.59511984989601
"1592",-610851.527550607,2385353.16666667,-1.49014381033531,0.165057106820711,0.805703204617857,-4.59511984983921
"1804",1202929.48251746,220332857.166667,0.0727506888338167,0.943346337981643,0.999964564224971,-4.59511985041997
"1609",-1658064.66666667,23545908.5,-0.405274046667894,0.693259560311994,0.999964564224971,-4.59511985038178
"1602",-1212269.97719378,12081793.5833333,-1.55571380240587,0.148832663182317,0.786247034466584,-4.59511984981433
"1618",-6148667.83333334,29694143.0833333,-1.90222499320317,0.0843782408685478,0.689595679013132,-4.59511984954694
"1594",-188465.058651718,6892625.91666667,-0.100338077985594,0.921930874635913,0.999964564224971,-4.59511985041983
"1587",-497773.420152362,1232205.16666667,-1.7332926767318,0.111715463263911,0.744122129218749,-4.59511984969524
"1664",218030.030238574,9226361.41666667,0.0926560112853998,0.927888545222529,0.999964564224971,-4.59511985042968
"1639",-987770.772123394,1711455.33333333,-2.14369436592188,0.0559232535336648,0.631270835383275,-4.59511984941631
"1576",-81129,312704.333333333,-0.989638357087489,0.344198151728557,0.944159489199035,-4.59511985014026
"1619",-27273.5836735112,278463,-0.319097740394946,0.755793959069247,0.999964564224971,-4.59511985039663
"1645",983517.493205235,17918105.8333333,0.147995318635728,0.885097931345958,0.999964564224971,-4.59511985042634
"1629",-199654.745785256,8449423.16666667,-0.0970023764715968,0.924517216410297,0.999964564224971,-4.59511985042782
"1671",-1721054.50097422,3583462.66666667,-1.42368635244827,0.183032580815372,0.829266205139967,-4.59511984988453
"1615",-55162.2844601526,5924566,-0.0905915784647515,0.929490380043978,0.999964564224971,-4.5951198503968
"1622",-430492.914807762,4697282.91666667,-0.281129354457926,0.783971985048395,0.999964564224971,-4.59511985040338
"1633",-148056.909631887,4841133.41666667,-0.0666802395580337,0.948065619811995,0.999964564224971,-4.59511985042672
"1652",-119084.940089871,4277705.25,-0.165487826759159,0.87164462228592,0.999964564224971,-4.59511985041289
"1646",411231.355932908,4743404.33333333,0.483324619070417,0.6386016433229,0.999964564224971,-4.59511985035143
"1642",110369.584990656,665989.166666667,0.667224485068395,0.518756256682418,0.999964564224971,-4.59511985028198
"1656",108310.743441592,3402664.08333333,0.180543751081979,0.860099061682811,0.999964564224971,-4.59511985038584
"1672",-242220.225297337,2601125.66666667,-0.308550824215364,0.763586083515848,0.999964564224971,-4.59511985040291
"1650",-470026.228968093,958770.583333333,-1.19391225838886,0.258304841285535,0.909873484022211,-4.5951198500283
"1651",184445.436790592,2274489.83333333,0.328930518688367,0.748554965161363,0.999964564224971,-4.59511985039797
"1731",-1372109.0042985,19425150.25,-0.270082058778216,0.792234108179987,0.999964564224971,-4.5951198503956
"1697",-140457.526653105,432880,-1.90756780191716,0.0836237200222697,0.689595679013132,-4.59511984963076
"1705",-274878.997334969,1572123.08333333,-1.07061469827597,0.307893784222757,0.912573300049572,-4.59511985009657
"1789",-3974803.89163753,55707201.3333333,-0.677949569935788,0.512194697874879,0.999964564224971,-4.59511985028713
"1732",3034452.16666667,7843992.25,1.06045748834201,0.312282811693413,0.913010052508224,-4.59511985010074
"1704",-415869.500000001,4603020.91666667,-0.268810118778783,0.793187115209896,0.999964564224971,-4.59511985041133
"1698",-149459.232958658,515410.416666667,-0.778941978958823,0.452893680408268,0.999964564224971,-4.5951198502409
"1706",-342577.849275205,1012922.75,-0.817575944710245,0.431424955148602,0.999964564224971,-4.59511985022823
"1803",2457975.56391627,94468359.25,0.399529812576257,0.69736048235438,0.999964564224971,-4.59511985036613
"1693",-320935.662812547,1279301.75,-1.31717643519544,0.215284119804535,0.867934925106702,-4.59511984995223
"1714",-933665.402698251,1566455.83333333,-2.62362461726531,0.0241621895176059,0.481389343067658,-4.59511984914829
"1725",1685261.16666667,8035281.58333333,0.719243186063341,0.487399607531983,0.999964564224971,-4.59511985027286
"1713",-688397.296862483,2495778.66666667,-0.552730173454735,0.591805422793817,0.999964564224971,-4.59511985032972
"1773",-4897322.72457262,39770681.5833333,-0.537556712092622,0.601881496952016,0.999964564224971,-4.59511985033876
"1769",-2636941.76551443,18833066.25,-0.679671134882858,0.511146084340166,0.999964564224971,-4.59511985027599
"1727",-57859.0846752976,2114733.5,-0.0749636118792148,0.941626526283266,0.999964564224971,-4.59511985042516
"1752",-3209120.82254103,5420313.25,-2.92986160556148,0.0140647827818318,0.382569027543902,-4.59511984907122
"1723",13799.2392238311,903183.916666667,0.0764856557148779,0.940443823804812,0.999964564224971,-4.59511985039722
"1765",-3601523.13960789,9368653.16666667,-2.22110618293163,0.048918145696087,0.622538769009549,-4.59511984940484
"1711",-140864.476365117,1437774.25,-0.35647727669324,0.72841154435906,0.999964564224971,-4.5951198503888
"1767",-4447048.5364317,5429628.66666667,-5.63002680911737,0.000169807629507751,0.0433575480676459,-4.59511984849082
"1749",40040.6095588758,459113.333333333,0.405751114252047,0.692919432576183,0.999964564224971,-4.59511985036381
"1799",1167347.66666666,68103924.6666667,0.105395681392515,0.918011267025313,0.999964564224971,-4.59511985043125
"1772",-285444.566054015,18937525,-0.0596539359440716,0.953530595931607,0.999964564224971,-4.59511985042927
"1741",11657.418041971,510256.583333333,0.0708331102482343,0.944836862651419,0.999964564224971,-4.59511985041369
"1776",-1908705.5,23622466.9166667,-0.300997516358117,0.769183478827595,0.999964564224971,-4.59511985040539
"1743",-1430126.4749511,2230961.16666667,-3.41996878813616,0.00594752268104315,0.267988374922297,-4.59511984892894
"1750",48370.6616185703,584047,0.308346961519362,0.763736972368168,0.999964564224971,-4.59511985039072
"1779",-4428218.92753779,29771415.5833333,-0.689744943133148,0.505035889891276,0.999964564224971,-4.5951198502828
"1790",-1916789.17191073,31728470,-0.304068065465651,0.766906357844498,0.999964564224971,-4.5951198503995
"1764",-23442.6666666667,788946.166666667,-0.0724584922087029,0.943573446494659,0.999964564224971,-4.59511985043317
"1762",-11303.0040130257,510556.583333333,-0.0726786050072896,0.943402364322244,0.999964564224971,-4.59511985041885
"1791",-1503122.89899692,17074345.25,-0.378800857039683,0.71224286357331,0.999964564224971,-4.59511985038372
"1792",-2958922.4105654,41515997.9166667,-0.263283670415671,0.797331923010938,0.999964564224971,-4.59511985040894
"1782",-1264201.45806032,11591262.1666667,-0.352150077918954,0.731562063205715,0.999964564224971,-4.59511985038698
"1783",-1381092.03468947,16484633.3333333,-0.514961916451315,0.617048155971874,0.999964564224971,-4.59511985033772
"1746",-143161.999418025,365933.166666667,-1.49166603488084,0.164663785607513,0.805703204617857,-4.59511984985806
"1740",-1803732.56256918,15312463.6666667,-0.435098837060254,0.67213467528238,0.999964564224971,-4.59511985037337
"1751",-215058.166666667,452093.416666667,-1.19191427975081,0.259055027617308,0.909873484022211,-4.59511985002307
"1784",-1265307.33642602,15060973.3333333,-0.422484043535897,0.681034927653056,0.999964564224971,-4.5951198503673
"1785",-315190.295829735,751934.25,-1.10608232815422,0.292934600728023,0.912573300049572,-4.59511985007471
"1781",153132.626976246,522697.916666667,0.995907634130553,0.341279609466621,0.944159489199035,-4.59511985013663
"1775",-233664.20393806,8528285.08333333,-0.131815660158358,0.897575518342358,0.999964564224971,-4.59511985042086
"1780",-169722.411736058,285321.5,-2.15106012725722,0.0552175814648541,0.631270835383275,-4.59511984947173
"1777",-743228.481930652,5157401.83333333,-0.797608796073333,0.442435310130866,0.999964564224971,-4.59511985023287
"1774",-583945.943628312,1791365.41666667,-2.21989080317766,0.0490213366976968,0.622538769009549,-4.59511984945207
"1788",-1120105.93322287,2935748.33333333,-0.650454141802077,0.529115307385296,0.999964564224971,-4.59511985029542
"1796",186168.957425211,375236.333333333,1.82568969251417,0.0958988578517721,0.689595679013132,-4.59511984965494
"1802",-1016909.48786272,3888586,-1.18090824117922,0.263218491151089,0.909873484022211,-4.59511985003043
"1797",-254864.939558503,800064,-4.20271859857442,0.00156974372244092,0.109311244671795,-4.59511984858899
"1805",-122685.68302005,395987.25,-2.07253920219008,0.0631956793230905,0.672331810576213,-4.59511984951941
"1800",-60932.6804691465,1777746.58333333,-0.13336923746084,0.896376097859753,0.999964564224971,-4.59511985041655
"1808",-126533.705293245,432328.416666667,-1.21109670743466,0.251923576079737,0.909873484022211,-4.59511985002969
"1816",-129101.364688456,414771.083333333,-2.00122937039826,0.0713735090123961,0.689595679013132,-4.59511984966082
"1828",81309.5631784661,1975243.33333333,0.135168084089765,0.894987659253113,0.999964564224971,-4.59511985042292
"1825",-113587.075509274,417246.25,-1.31826264530229,0.214932835507134,0.867934925106702,-4.59511984995894
"1834",280601.166666667,1542139.75,0.42885818002119,0.676531245391527,0.999964564224971,-4.59511985037552
"1855",-1024501.53542579,4157539.58333333,-0.62571486800032,0.544614574205478,0.999964564224971,-4.59511985030853
"1843",191397.733701696,976163.666666667,0.955487356034856,0.360416424529582,0.957960034862707,-4.59511985015695
"1844",24852.7725492265,2813783,0.0358918564639093,0.972029287843837,0.999964564224971,-4.59511985041683
"1846",-798672.022838521,1871910.75,-1.50727699160998,0.160676547741034,0.799209321880727,-4.59511984983112
"1856",-469179.947376354,2264424.33333333,-0.8232765504082,0.428315129543744,0.999964564224971,-4.59511985022255
"1858",-2025086.5885503,6784098.75,-0.706368556201529,0.495049920550493,0.999964564224971,-4.59511985027469
"1860",95729.1506030332,7405279.33333333,0.0644862146600708,0.949771819867273,0.999964564224971,-4.59511985040816
"1869",-1041537.71255468,2469472.08333333,-2.42753912806838,0.0341218062558841,0.533414359020556,-4.59511984933835
"1849",-77841.5811697908,653917.583333333,-0.53215394462313,0.60549055293845,0.999964564224971,-4.5951198503197
"1935",-13946321.7600163,74106516,-1.08056053464867,0.303641527408087,0.912573300049572,-4.59511985009102
"1873",-1946664.17875025,8013153.41666667,-1.54871767040742,0.150494959834965,0.7895831454355,-4.59511984983972
"1939",839570.833333327,81428899.9166667,0.0399097328320621,0.968899861403981,0.999964564224971,-4.59511985043437
"1889",63067.8914097626,5830287.75,0.029706605738795,0.976847774705892,0.999964564224971,-4.5951198504122
"1865",-171463.666666667,646277.833333333,-0.731025734649334,0.480462656051261,0.999964564224971,-4.59511985026776
"1930",-4947385.32164959,44575724.6666667,-0.757412260333534,0.465152845374417,0.999964564224971,-4.59511985025121
"1955",-3129101.5,14556105.4166667,-0.728397196478033,0.482004846577691,0.999964564224971,-4.59511985026891
"1876",-10414.3333333334,1091440.5,-0.0176359697934211,0.986253748778014,0.999964564224971,-4.59511985043479
"1900",246640.624639375,2515382.66666667,0.494078151857529,0.631234898031989,0.999964564224971,-4.59511985034043
"1886",-222313.437971093,1626794.25,-0.608260343100294,0.555703735007366,0.999964564224971,-4.59511985031554
"1891",13699.950445096,1191538.33333333,0.0510564284311652,0.960221013170142,0.999964564224971,-4.59511985040276
"1901",-1618839.84920213,4388153.5,-1.09914484093429,0.295815959999514,0.912573300049572,-4.59511985007954
"1893",-669121.411262521,1320225.75,-1.06542990316721,0.310128316432659,0.912573300049572,-4.59511985009814
"1903",-2266709.42230775,3998267.75,-1.88977430978176,0.0861610404989498,0.689595679013132,-4.59511984959892
"1892",-367571.277766842,543680.5,-5.14567605511859,0.000349730494475165,0.066973389691994,-4.59511984830205
"1904",53886.0541958722,1415585.91666667,0.168528747315695,0.869310086648658,0.999964564224971,-4.59511985038856
"1899",-122725.837051932,739528.166666667,-0.474414383227794,0.644736784644081,0.999964564224971,-4.59511985035232
"1919",-12538.6666666666,458610.166666667,-0.0898971208873417,0.93002929755079,0.999964564224971,-4.59511985043224
"1906",-176822.722794638,302726.166666667,-3.07876738253204,0.0108150055421865,0.348894416003844,-4.59511984921371
"1890",-869485.876918999,8990085.33333333,-0.401784548219518,0.695749565255398,0.999964564224971,-4.59511985037082
"1895",122490.601455303,467384.333333333,0.858605673473142,0.409376775298201,0.999964564224971,-4.59511985020211
"1964",-2897898.40839819,9195340.16666667,-2.26608245415124,0.0452427741461047,0.622538769009549,-4.59511984933187
"1962",-5001343.145067,13670204.1666667,-2.54763720741893,0.0276265603396028,0.481389343067658,-4.59511984914273
"1929",802250.358933899,6976332,0.322951281173355,0.752953969244242,0.999964564224971,-4.595119850391
"1947",-1042023.75749449,5145542.33333333,-1.59663571754633,0.139427576024049,0.78466107071495,-4.59511984981477
"1920",-108486.881064678,763330.333333333,-0.597374798214751,0.562682985958782,0.999964564224971,-4.59511985030575
"1928",325535.881498121,2100413.41666667,0.522009106174039,0.612297170428728,0.999964564224971,-4.59511985033785
"1937",93564.9503272888,3759170.66666667,0.180375562108199,0.860227852972341,0.999964564224971,-4.59511985039927
"1951",-448966.095119362,4429038.66666667,-0.566944574276994,0.582447327990844,0.999964564224971,-4.59511985029597
"1946",-157167.717916423,437340.25,-1.68894284409903,0.120114687234921,0.763547829236716,-4.59511984976002
"1943",-146572.994186974,384761.75,-0.87489460409265,0.400839727442395,0.99046203619637,-4.59511985019908
"1960",-63205.3378746381,214909.416666667,-0.977617042079132,0.349845356197004,0.947821849299296,-4.59511985014676
"1957",400885.290426341,1190812.66666667,1.07883006237194,0.304378151527527,0.912573300049572,-4.59511985009419
"1966",-1819942.15527891,8199985.41666667,-1.01613907975564,0.331985131074613,0.938765583415107,-4.59511985012581
"1974",-407270.457372599,3083472,-0.491343377637828,0.633104433517069,0.999964564224971,-4.59511985035497
"1972",206107.688584186,3009392.08333333,0.17611492125832,0.863491863804116,0.999964564224971,-4.59511985041918
"1963",260644.299478988,1105740,1.08063508823991,0.303609822068051,0.912573300049572,-4.59511985009227
"1979",-1097076.41937167,2909369.83333333,-1.46507559826502,0.171651530263784,0.812718189397999,-4.59511984986836
"1977",-459933.866712787,3058609.83333333,-0.59099041927711,0.566798771965645,0.999964564224971,-4.59511985031668
"1968",-67487.3478965936,801203.75,-0.209481880992052,0.838006272068833,0.999964564224971,-4.595119850407
"2027",-1518482.07423381,3201090.5,-1.22266566856867,0.247698849951643,0.907834062502193,-4.59511985000836
"1975",-142228.673764909,322138.5,-1.9935256848435,0.0723141040978647,0.689595679013132,-4.59511984956828
"1970",-23820.7989958738,174197,-0.470507173845171,0.647435894611511,0.999964564224971,-4.59511985034612
"1990",-1973173.00508265,6365373.5,-2.09946216533836,0.0603445174072269,0.652271100412801,-4.59511984944586
"1981",-110071.314225382,1190354.08333333,-0.320907930648924,0.754459407780713,0.999964564224971,-4.59511985039918
"1998",-1062137.83333333,7927927.25,-0.356673338965291,0.728268920466699,0.999964564224971,-4.59511985039361
"1986",-410052.327376614,2951726.66666667,-0.471110784089418,0.647018570843022,0.999964564224971,-4.59511985035679
"1988",-1817460,12467554.6666667,-0.460940860450134,0.654066724195043,0.999964564224971,-4.59511985036649
"1987",-161992.272593026,515881.416666667,-2.13401306292125,0.0568638219862219,0.631270835383275,-4.59511984948825
"1991",-923751.861924366,3087609.75,-1.51288986532159,0.159263475675207,0.797380973312059,-4.59511984985928
"1993",-4113968.18114465,9499711.41666667,-1.06354874681955,0.310942077432034,0.912573300049572,-4.59511985010016
"2009",-1235895.1233269,10712371.8333333,-0.392795003055922,0.702181516493861,0.999964564224971,-4.59511985036857
"1999",-1003197.49639321,1619633.58333333,-1.53576480812979,0.15361534442067,0.794578314428579,-4.59511984980291
"2005",157000.338820367,3869928.33333333,0.117862476304602,0.908359555370544,0.999964564224971,-4.59511985040058
"2022",1245549.50524755,3493242.41666667,0.889956074299012,0.393055656539501,0.98634805856209,-4.59511985018945
"1995",-554293.790160787,5241288.5,-0.398529746411023,0.698075490211751,0.999964564224971,-4.59511985037341
"2003",-1805331.57752496,2700099.5,-2.59059155134546,0.0256121026868631,0.481389343067658,-4.59511984921236
"2018",-3173134.31632039,15328174.3333333,-0.994834060636495,0.341778100693285,0.944159489199035,-4.59511985013733
"2014",-312834.522461676,1131906.33333333,-0.619756166207026,0.548386053541402,0.999964564224971,-4.59511985031211
"2002",-1695703.68424218,3719152.91666667,-1.01046428051139,0.334573112627055,0.938765583415107,-4.59511985012915
"1994",-9667.52559010666,140398.166666667,-0.203608814534581,0.842478919216766,0.999964564224971,-4.59511985042037
"2012",-500105.081912663,10761942.5833333,-0.194574794858674,0.849370121474212,0.999964564224971,-4.59511985040377
"2056",1546442.5,16124866.5833333,0.312987500448343,0.760304838351838,0.999964564224971,-4.59511985040302
"2008",-648780.833333334,4371859.25,-0.464439082171275,0.651638284423411,0.999964564224971,-4.59511985036547
"2053",3607301.16666667,37060353.4166667,0.205806122054787,0.840804863632122,0.999964564224971,-4.59511985042104
"2013",-997201.500000001,4382291.25,-0.544022996754982,0.597576664710664,0.999964564224971,-4.59511985034033
"2025",-322630.446182339,7434212.5,-0.304819336271522,0.7663495649612,0.999964564224971,-4.5951198503729
"2028",-196772.22366101,680995.666666667,-0.907957829960237,0.383890400143541,0.976943676112798,-4.59511985018335
"2017",-186363.703318079,725700.833333333,-0.762126835699202,0.462450381416883,0.999964564224971,-4.59511985025029
"2033",4647.74238077947,266306.833333333,0.0631603304415247,0.950803032243601,0.999964564224971,-4.5951198504149
"2052",135015.842439912,6954774.5,0.113123685154872,0.912026560813454,0.999964564224971,-4.59511985042028
"2068",-639312.446747323,1098910.41666667,-2.18567242159493,0.0520136830504062,0.622538769009549,-4.59511984939264
"2039",-63356.9539587899,243974.666666667,-0.854822241672307,0.411377291100758,0.999964564224971,-4.59511985020645
"2066",303225.333333333,2387827.66666667,0.443373454985851,0.666324943840191,0.999964564224971,-4.59511985037151
"2045",-855520.666666667,3112964.16666667,-0.716994862330063,0.488730312198422,0.999964564224971,-4.59511985027383
"2037",-93786.7110496379,368728.5,-0.901513204756187,0.387154231176826,0.981987222124002,-4.59511985018606
"2049",-292798.478498166,1388408.5,-0.775349038858011,0.454924905859008,0.999964564224971,-4.59511985024152
"2064",-146347.126817628,5087459.5,-0.152975811569604,0.881263419421406,0.999964564224971,-4.59511985038052
"2059",-636009.552832875,1977306.91666667,-1.30471820309621,0.21934708454863,0.879685166304978,-4.59511984995729
"2058",-457364.209528672,955046.583333333,-1.65847524913557,0.126208225794581,0.769241695528907,-4.59511984974543
"2076",-326086.885152624,1744233.58333333,-1.38246797383237,0.194996142336013,0.837453232052325,-4.59511984991197
"2057",-289742.027267078,628620.75,-2.70062556112553,0.0210903740811499,0.450264526842254,-4.59511984912561
"2067",465648.714500531,11737256.25,0.146553681820941,0.886208436594477,0.999964564224971,-4.59511985042706
"2060",-87595.8475744453,321085.25,-1.23725953029029,0.242450678397178,0.897184636001153,-4.59511985001303
"2063",69560,539934.666666667,0.356585316644501,0.728332950249493,0.999964564224971,-4.59511985039363
"2062",-327237.42457082,829545.083333333,-2.50331044190316,0.0298688178323926,0.493320412498555,-4.59511984930004
"2079",-685130.611780015,2099623.91666667,-1.0118753301768,0.333928218996674,0.938765583415107,-4.59511985012867
"2069",-65734.1218552263,181905.666666667,-1.23122470416619,0.244609951449205,0.900823186586976,-4.59511985002634
"2101",-2889196.25639452,6505222.75,-1.58969164265915,0.14098578334873,0.78466107071495,-4.59511984976999
"2078",-99045.3333333338,9252567,-0.0307001558626643,0.976073700284714,0.999964564224971,-4.59511985043459
"2074",-511221.873517167,897096.833333333,-4.25145453004809,0.00144822743777173,0.109311244671795,-4.59511984847265
"2097",-74521.5537538822,280132.666666667,-1.26477706319251,0.232798832346762,0.88382289273182,-4.59511985000653
"2085",-169900.37823708,787120.25,-1.48080125718079,0.167488845678921,0.811734350479212,-4.59511984984784
"2089",-199945.127834385,1019618.16666667,-0.985027718510104,0.34635615726492,0.944159489199035,-4.59511985014238
"2081",-290326.605367984,579500.333333333,-1.81186382269266,0.0981278446637485,0.689595679013132,-4.59511984964922
"2093",15307.0945464181,278398.166666667,0.181211180624184,0.859588017261394,0.999964564224971,-4.59511985041197
"2083",-24735.6454817869,661705,-0.146636339994319,0.886144757348673,0.999964564224971,-4.59511985041842
"2087",-191683.55361229,400947,-1.46026932290687,0.172941337952838,0.812718189397999,-4.59511984986651
"2092",-638752.559115038,1381738.91666667,-1.83330238275066,0.0946914178014729,0.689595679013132,-4.59511984961732
"2088",-150732.485400271,1156667.16666667,-0.353026315172414,0.730923676966647,0.999964564224971,-4.59511985037906
"2086",-203134.244587354,676088.25,-1.26532471331489,0.232609950096107,0.88382289273182,-4.59511984998049
"2095",-112272.806475032,994576.333333333,-0.453404674442251,0.659312535071148,0.999964564224971,-4.59511985035939
"2112",-780154.103749958,2291308.91666667,-2.86291027072943,0.0158311514736912,0.391182646091854,-4.59511984902716
"2137",-208233.798951625,578218.75,-3.00589842019784,0.0122978449505271,0.348894416003844,-4.59511984901792
"2107",-275731.943075736,2480871,-0.342807422836251,0.738381843353678,0.999964564224971,-4.59511985039264
"2116",-263207.141396951,2286865.58333333,-0.388034633945669,0.705597486219194,0.999964564224971,-4.59511985037512
"2121",-177271.86112201,973678.833333333,-0.690636253057671,0.504497400932297,0.999964564224971,-4.59511985027442
"2120",-114051.114046899,981661.916666667,-0.454172234814435,0.658777364205003,0.999964564224971,-4.59511985035395
"2114",-22666.8836698253,190965.083333333,-0.401905890569212,0.69566291556376,0.999964564224971,-4.59511985036024
"2119",-317519.670290435,1234485.83333333,-0.944704696745477,0.365649606059684,0.961029516289219,-4.59511985016375
"2131",-187022.591417402,650689.833333333,-1.97163946009747,0.0750499790845742,0.689595679013132,-4.59511984961142
"2144",-231402.539280154,1326817.58333333,-0.989386352481807,0.344315847956925,0.944159489199035,-4.59511985013967
"2136",-200172,965345.5,-0.515561849360511,0.616642980606105,0.999964564224971,-4.59511985034973
"2135",16580.806024455,177930.75,0.288800778563998,0.778250929660134,0.999964564224971,-4.5951198503924
"2138",-1084181.9773455,1544330.58333333,-2.79451166174141,0.0178657448653953,0.427661267715401,-4.59511984905628
"2148",-182201.37887222,760329.916666667,-1.41014671943813,0.186892100596229,0.829266205139967,-4.59511984989256
"2145",134799.983007297,757882.916666667,0.524619286157346,0.610542183642626,0.999964564224971,-4.59511985033252
"2146",-561340.397348366,1437722.25,-1.26870455723082,0.231447008447659,0.88382289273182,-4.59511984998403
"2174",-224816.308617231,9597833.58333333,-0.0914430941816885,0.928829631838823,0.999964564224971,-4.595119850432
"2150",-156357.35022574,538673.083333333,-1.57854961134126,0.143517980230867,0.78466107071495,-4.59511984980633
"2151",-228459.360245356,602334.75,-1.60383518802884,0.137828087735138,0.78466107071495,-4.59511984978171
"2156",-53828.2919990723,498012.75,-0.686931001516852,0.506738219695768,0.999964564224971,-4.59511985026584
"2175",-867717.953600328,4744728.33333333,-0.818188940402009,0.43108983255007,0.999964564224971,-4.59511985022222
"2161",-386949.008804688,944541.166666667,-1.46274624114852,0.172275602568461,0.812718189397999,-4.5951198498669
"2158",-401664.855877885,1192300.91666667,-1.82164880111324,0.0965454882885218,0.689595679013132,-4.59511984968404
"2206",-1531025.5,3436105.25,-0.638337959852295,0.536673946784063,0.999964564224971,-4.595119850306
"2189",-3947122.08311521,8945340.66666667,-0.653484395780126,0.527234626408716,0.999964564224971,-4.59511985029786
"2166",-758468.704919003,2424968.83333333,-1.59404818169797,0.140006422671688,0.78466107071495,-4.59511984978574
"2170",-774491.978686887,2752652.75,-1.07008175417261,0.308122907683078,0.912573300049572,-4.59511985009732
"2180",-911399.001241456,4965297.16666667,-0.894761427577355,0.390594348493135,0.98634805856209,-4.59511985018956
"2177",-816720.330611159,4471803.16666667,-0.879768791155405,0.398309109506458,0.987394103177822,-4.59511985019011
"2169",-267638.679573363,1445398.83333333,-0.598082390483152,0.562227844552195,0.999964564224971,-4.59511985031998
"2167",-61972.7911306512,262680.583333333,-0.957135892879319,0.359621098663408,0.957960034862707,-4.59511985015697
"2178",-217158.164994193,1915869.41666667,-0.724879100276958,0.484073767906225,0.999964564224971,-4.59511985025029
"2164",-421915.339676362,769769.5,-1.41410160429697,0.185757693207639,0.829266205139967,-4.59511984989172
"2168",-177084.726067196,728346.416666667,-0.748437606590625,0.470324962170869,0.999964564224971,-4.59511985025739
"2181",-866807.772355854,1876345.58333333,-1.94862118484331,0.0780313711119532,0.689595679013132,-4.59511984958478
"2209",-1903245.26282239,3605616.83333333,-3.01651376528362,0.0120696556426962,0.348894416003844,-4.5951198488617
"2191",-49941.6181153608,2264885.33333333,-0.177960808852842,0.862077426354859,0.999964564224971,-4.59511985037267
"2196",-552930.693327557,1297404.91666667,-2.16556603879378,0.0538525720213418,0.631270835383275,-4.5951198494731
"2187",-661851.651584975,5354104.83333333,-0.560023837149455,0.58699373405217,0.999964564224971,-4.59511985032795
"2183",-303453.833333333,1517704.75,-0.530745723299468,0.606433068422793,0.999964564224971,-4.59511985034477
"2194",-3217537.40454486,5856347.16666667,-1.97835663281851,0.0742001864253383,0.689595679013132,-4.59511984950885
"2186",260759.166666667,2023542.41666667,0.450819728832091,0.661116321068426,0.999964564224971,-4.5951198503694
"2185",-165753.321335315,359364.916666667,-1.93158545143899,0.080308468022019,0.689595679013132,-4.5951198495693
"2201",-246485.897014568,718658.75,-1.15834486875433,0.271918970213897,0.909873484022211,-4.59511985005056
"2192",-184441.093100885,1123564.08333333,-0.608080899390924,0.555818391836016,0.999964564224971,-4.59511985029498
"2190",-23007.0803863786,280000.5,-0.30979083911146,0.762668509019417,0.999964564224971,-4.59511985037595
"2208",-391909.635643286,801350.25,-1.34690624772402,0.205838937408247,0.852284465160633,-4.59511984993682
"2207",-1218857.0158582,1928593.75,-1.74932396966519,0.108812066918964,0.731140730350233,-4.59511984968212
"2203",-41591.9883362071,610450.083333333,-0.520185831597276,0.613524585825547,0.999964564224971,-4.59511985031534
"2214",-1169179.64669709,3010957.16666667,-1.37741656803592,0.196506554130296,0.837453232052325,-4.59511984991442
"2213",-3312103.79023099,4785691.58333333,-1.7899467774694,0.101758346723674,0.706238132875102,-4.59511984963595
"2218",-249258.339981308,4246992.33333333,-0.291900287274711,0.775943311910006,0.999964564224971,-4.59511985038609
"2220",-648323.889466064,2152286,-2.49574434977473,0.0302690070332012,0.493320412498555,-4.59511984926328
"2219",-153.319263184427,125714.25,-0.00325324807220922,0.997464136401543,0.999964564224971,-4.59511985040866
"2231",-1273584.77801163,4283958.75,-1.5364924242947,0.153438578419389,0.794578314428579,-4.5951198498295
"2245",66815.6333322253,5286080.66666667,0.0458082076512302,0.964306691825616,0.999964564224971,-4.59511985041252
"2227",-2837008.04586413,3048746.16666667,-3.09371949371001,0.0105338603237731,0.348894416003844,-4.59511984897056
"2229",-180547.606262973,2348437.58333333,-0.658958108601303,0.523847370788502,0.999964564224971,-4.59511985026874
"2217",-34544.9090205654,542918.416666667,-0.24627165688704,0.810131456330214,0.999964564224971,-4.59511985040359
"2228",-72882.2386770096,498859.5,-0.484729054338487,0.637637183690438,0.999964564224971,-4.59511985032989
"2241",-1411739.82535958,6133098.08333333,-0.725126451544419,0.483928125544223,0.999964564224971,-4.59511985026521
"2239",-126446.636927761,904049.333333333,-1.17275355774779,0.266337277288666,0.909873484022211,-4.59511985004558
"2249",-416473.691006056,5210642,-0.313986020769065,0.75956703775997,0.999964564224971,-4.59511985038035
"2262",-823754.483398688,7280910.08333333,-0.749396411823888,0.469770669485364,0.999964564224971,-4.59511985024555
"2247",222822.187155145,1236401.58333333,0.468794648204872,0.648620590626158,0.999964564224971,-4.59511985033961
"2244",-385605.469729095,1575545.91666667,-0.728258791407681,0.482086135633221,0.999964564224971,-4.5951198502539
"2242",-48158.5866855089,284896.5,-0.917577270195118,0.379054671226082,0.971089893508959,-4.59511985017398
"2261",-2857908.28749378,8198048.16666667,-0.937831501093573,0.369013615707774,0.961029516289219,-4.59511985016653
"2248",-547355.469510343,2179102.08333333,-0.843340389469605,0.417488995571306,0.999964564224971,-4.59511985021019
"2263",-248246.2162095,869477.75,-1.57009676982735,0.145465551000497,0.784694451171694,-4.59511984979169
"2256",-120993.852594248,3418107.83333333,-0.111738000606611,0.913099250930236,0.999964564224971,-4.59511985038686
"2264",-621683.833333333,5968970.75,-0.166354558714075,0.870979094615746,0.999964564224971,-4.59511985042583
"2250",-131310.003948652,691792,-0.36515437866873,0.722109840419398,0.999964564224971,-4.59511985038303
"2254",-53382.6666567711,243730.333333333,-0.675999378477206,0.513384119837541,0.999964564224971,-4.59511985028747
"2255",-44572.1198738558,241536.083333333,-0.711622441967753,0.491919127233627,0.999964564224971,-4.5951198502646
"2267",-149189.15859842,641312.666666667,-1.44883628400786,0.176042837449898,0.814362669922822,-4.59511984990014
"2270",-168852.097776943,591840.416666667,-1.93999507119508,0.0791767794250459,0.689595679013132,-4.59511984960142
"2268",435042,3491435.16666667,0.4180701861165,0.684161227450415,0.999964564224971,-4.59511985037842
"2269",191630.833333333,706939.916666667,0.709402636974019,0.493240424198473,0.999964564224971,-4.59511985027707
"2274",463670.554722726,1555754.08333333,0.840505856126892,0.419007186454043,0.999964564224971,-4.5951198502161
"2273",183116.050128411,934587.75,1.24707681885622,0.238970843392127,0.897184636001153,-4.59511985000556
"2301",-764657.188197496,7815973.25,-0.190092990173851,0.852793807064135,0.999964564224971,-4.59511985040174
"2299",-1358883.31770972,3138738.5,-2.21268576731071,0.0496373731792403,0.622538769009549,-4.59511984939677
"2305",990773.831540701,22134150.25,0.178067366037477,0.86199579082037,0.999964564224971,-4.59511985041728
"2286",-28138.6608981976,768470.75,-0.145458073345621,0.8870525646127,0.999964564224971,-4.59511985040538
"2292",-611724.82494441,2715579.25,-0.434085904004069,0.672847424006068,0.999964564224971,-4.59511985037278
"2279",-65228.174256451,353877.333333333,-0.96536922823317,0.355667881311329,0.952592996798874,-4.5951198501517
"2295",-1396708.79413569,13062107.9166667,-0.338075132956707,0.741845297069936,0.999964564224971,-4.59511985039697
"2291",-559717.902473975,3453815.91666667,-0.429415800474405,0.676137881905317,0.999964564224971,-4.59511985036636
"2278",-14060.3581113864,110659.416666667,-0.294098884625737,0.774307803545689,0.999964564224971,-4.59511985036116
"2287",9192.91383313079,994130.5,0.0217174720798642,0.98307294167162,0.999964564224971,-4.59511985042599
"2284",-320448.938933702,1066541.83333333,-1.17188533544015,0.266671039991446,0.909873484022211,-4.59511985004226
"2285",-207771.633501287,478348.166666667,-1.60053134982086,0.138560074754657,0.78466107071495,-4.59511984978447
"2294",-547692.1011892,2085739.83333333,-0.855223282629433,0.411164923550745,0.999964564224971,-4.59511985020388
"2298",-556244.605192228,1732422.58333333,-1.06710606157776,0.309404591623092,0.912573300049572,-4.595119850101
"2297",-120668.203539903,643139.916666667,-0.464034391480248,0.651919002038511,0.999964564224971,-4.59511985035207
"2327",-2006634.42148188,3660995.16666667,-1.81641657601926,0.0973886814236677,0.689595679013132,-4.5951198496341
"2328",-718713.026298244,1093365.5,-2.40952648012182,0.0352168088404395,0.539521511435533,-4.59511984926969
"2323",-221767.471436275,611300.666666667,-0.671222115131753,0.516304721441538,0.999964564224971,-4.59511985029066
"2329",-134947.986653437,406636.833333333,-1.12820600077708,0.283890029610063,0.909873484022211,-4.59511985006659
"2340",-1469490.33962532,3709413.16666667,-1.40502057603764,0.18837117453571,0.829266205139967,-4.59511984989104
"2335",-95562.8371186021,630863.916666667,-0.440331134835768,0.668458363707051,0.999964564224971,-4.5951198503573
"2342",-213686.142393942,969540.583333333,-2.52363953857315,0.0288191078885214,0.490565258724608,-4.59511984935757
"2337",28900.6666666667,441216.666666667,0.178148320286388,0.861933771322355,0.999964564224971,-4.59511985042451
"2341",-458247.432591673,743166.25,-0.996622893220911,0.340947789869843,0.944159489199035,-4.59511985013643
"2356",297074.1099773,1459445.16666667,0.459198054557034,0.655278136849101,0.999964564224971,-4.59511985035067
"2351",-98102.337250533,297802.833333333,-1.16149836949482,0.270689575587945,0.909873484022211,-4.59511985004618
"2360",-152667.16232006,1548886.41666667,-0.296913357822109,0.772215827549837,0.999964564224971,-4.59511985038983
"2372",3604850,11107799.1666667,0.938812561448765,0.368532101879595,0.961029516289219,-4.5951198501675
"2362",-50692.8976408794,887991.916666667,-0.322438202293637,0.753331879236761,0.999964564224971,-4.59511985036985
"2366",-149192.518222267,2257272.41666667,-0.121347428561066,0.905664226357903,0.999964564224971,-4.59511985041702
"2364",-98133.9504693713,332676.416666667,-1.47294774871607,0.169556763471984,0.811753005122124,-4.59511984985724
"2378",364957.208697743,2503531.5,0.426184389918623,0.678418826656492,0.999964564224971,-4.59511985035699
"2387",-96866.8568215801,1184883.75,-0.373488868811662,0.716077220053759,0.999964564224971,-4.59511985038291
"2369",129926.58464201,788092.083333333,0.860509283524452,0.408372737796196,0.999964564224971,-4.59511985019892
"2381",1055812.4016562,2384372.91666667,1.489832664538,0.165137601990866,0.805703204617857,-4.59511984986193
"2373",-57037.7136699932,399702.916666667,-0.684503174493881,0.508209736842067,0.999964564224971,-4.59511985026404
"2376",245379.1487529,1300704.58333333,0.649620666490369,0.529633275940937,0.999964564224971,-4.5951198502909
"2393",11226.7187162551,642290.583333333,0.122565207694951,0.90472266417311,0.999964564224971,-4.59511985035597
"2377",-48778.4875313897,372793.166666667,-0.818471136708381,0.430935614941822,0.999964564224971,-4.59511985021139
"2399",-266400.033574224,1871061.25,-0.676737318746918,0.512933856362451,0.999964564224971,-4.59511985026845
"2390",-44086.0468499871,201825.166666667,-0.814820464372413,0.432933501592748,0.999964564224971,-4.59511985022939
"2395",27766.3273277554,840834.416666667,0.0930483012991356,0.927584197155976,0.999964564224971,-4.59511985040646
"2384",-121454.195705561,318229.75,-2.05057689505484,0.0656152440396501,0.688510642936602,-4.59511984961566
"2388",-600310.021435599,878259.583333333,-4.48473992945841,0.000989058842470605,0.107110551552353,-4.59511984865387
"2382",-52160.0232238643,267186,-1.09229161435214,0.298683598042909,0.912573300049572,-4.59511985008988
"2392",-192065.850103607,787975.666666667,-1.94433353812025,0.0785987610007411,0.689595679013132,-4.59511984966887
"2386",6277.52613618606,216967.75,0.123654379916349,0.903880668194055,0.999964564224971,-4.59511985035929
"2394",-156145.529006614,333402.916666667,-1.04481952237376,0.319132109734719,0.922465937217652,-4.59511985011
"2396",-1094.52871164743,480976.333333333,-0.00558982944526285,0.995642818708957,0.999964564224971,-4.59511985041193
"2409",38173.1693207757,433681.083333333,0.597278375485584,0.562745023286286,0.999964564224971,-4.59511985029707
"2418",-175404.166666667,2204549.41666667,-0.206175079556654,0.840523847772436,0.999964564224971,-4.59511985042099
"2405",50104.7333556273,793085.083333333,0.120237691760116,0.906522384755932,0.999964564224971,-4.59511985041824
"2420",986353.226924634,5870248.83333333,0.646747145236977,0.531421305492491,0.999964564224971,-4.59511985029776
"2425",81929.4580815301,1374419.41666667,0.1653053496888,0.871784752177215,0.999964564224971,-4.59511985041659
"2414",-48503.327751653,913799,-0.392746447374869,0.702216324719177,0.999964564224971,-4.59511985035176
"2415",-165002.42201089,514200.166666667,-2.69872642209118,0.0211612571361895,0.450264526842254,-4.59511984945704
"2421",-3216582.8655023,10285598.5833333,-1.1668247610938,0.268622986766752,0.909873484022211,-4.59511985004367
"2428",-58114.9780687799,1404776.25,-0.289415724783172,0.777792916563586,0.999964564224971,-4.59511985038622
"2423",-274813.071497046,982651.166666667,-1.09808546144987,0.29625785974373,0.912573300049572,-4.59511985008191
"2419",49625.1638951268,549683.833333333,0.914161411067892,0.38076690451471,0.972224829527558,-4.59511985017271
"2434",-294631.897440961,978320.5,-1.68901159903261,0.120101239003347,0.763547829236716,-4.59511984974979
"2438",189765.526829563,5827166.08333333,0.0827741579152082,0.935558977982566,0.999964564224971,-4.59511985039901
"2432",33857.7828214486,469546.833333333,0.247462104006639,0.809233840590061,0.999964564224971,-4.59511985039728
"2437",-653791.723641334,3008750.41666667,-1.06938256168485,0.308423700488171,0.912573300049572,-4.59511985010031
"2429",-44347.1750761412,412881.333333333,-0.512522661379027,0.618696924934169,0.999964564224971,-4.59511985032898
"2427",9970.81769356675,146036.083333333,0.192913193514983,0.850639056234697,0.999964564224971,-4.59511985040573
"2433",-65002.6568597942,244563.5,-1.13110730067729,0.282720129583061,0.909873484022211,-4.59511985006654
"2439",-98027.5541981931,218913.166666667,-1.81587044317147,0.0974770796476288,0.689595679013132,-4.59511984967107
"2440",404.666666666594,402451.166666667,0.0044708150269313,0.996515065128859,0.999964564224971,-4.59511985043489
"2465",2347399.05524984,6943378.91666667,0.99387796181142,0.342222493868542,0.944159489199035,-4.59511985013768
"2446",-300222.889094473,786079.333333333,-1.12126168774473,0.28670543640307,0.912573300049572,-4.59511985006849
"2442",-19066.8952193148,158203.416666667,-0.432699834620328,0.673823275191234,0.999964564224971,-4.59511985037117
"2468",-9352306.4319446,17012201.4166667,-3.0222049125303,0.0119490842195183,0.348894416003844,-4.59511984887039
"2454",-273067.402742991,603437.416666667,-3.55664438149857,0.00469181730854908,0.239595470556573,-4.59511984872067
"2458",-263370.144892855,842749.916666667,-3.05456878181732,0.0112862166951799,0.348894416003844,-4.5951198489934
"2467",-4946698.38089045,13669786.5833333,-1.20924356489401,0.25260561806817,0.909873484022211,-4.59511985001608
"2460",-194343.853082031,812535.583333333,-0.881238717200582,0.397548108733919,0.987394103177822,-4.5951198501896
"2459",-160197.674448604,443108.75,-1.13200399700986,0.28235930951905,0.909873484022211,-4.59511985006099
"2470",-260042.3157787,1121942,-1.04568768211975,0.318748932401007,0.922465937217652,-4.59511985011176
"2473",-49704.268114709,2362216.25,-0.0378804411596715,0.9704803623543,0.999964564224971,-4.59511985043261
"2466",5644.08129321061,891818.5,0.0132302824959384,0.989687479851335,0.999964564224971,-4.59511985042555
"2477",-334560.292020097,1503869.5,-1.81506746558479,0.0976071844531201,0.689595679013132,-4.59511984969718
"2478",-62567.4088711227,419195.5,-1.02142827830475,0.329586363292294,0.938524737107423,-4.5951198501253
"2480",-321256.145646771,1458252.16666667,-1.1062063713499,0.292883278490886,0.912573300049572,-4.59511985007976
"2509",5921024.76651358,21031454.6666667,1.33561243790412,0.209385703333443,0.857697586916671,-4.5951198499396
"2496",-1959152.91358665,5809577.33333333,-0.590996533132951,0.566794822678694,0.999964564224971,-4.59511985031901
"2486",-2262055.82914446,3092335.58333333,-3.22246742923276,0.00840003002988612,0.321721150144638,-4.59511984871289
"2491",-178063.734482889,866946.666666667,-1.36355024063791,0.200703148253284,0.84938459426528,-4.59511984993989
"2489",-117746.690764878,226104.833333333,-2.18888064834503,0.0517258701537539,0.622538769009549,-4.59511984948576
"2500",-1502230.08422603,2807961.16666667,-3.85847932102155,0.00279668262989151,0.164492624031511,-4.5951198484754
"2501",-960688.666666668,2593286,-0.750049270485963,0.469393483561022,0.999964564224971,-4.59511985025939
"2502",-56923.198851063,446610.666666667,-0.589444793301486,0.567797664144556,0.999964564224971,-4.59511985029645
"2506",-55700.799331751,341509.416666667,-1.02793938992817,0.326651112306715,0.933905093072305,-4.59511985012255
"2511",-17128.7163304357,376339.916666667,-0.157123934684378,0.878072181759841,0.999964564224971,-4.59511985039463
"2517",-590547.273783372,2531571.75,-1.44085883983621,0.178234920620285,0.81753262991101,-4.59511984991502
"2512",-907.693253262961,4248387.16666667,-0.000600401162962477,0.999531994407922,0.999964564224971,-4.59511985042878
"2520",-9357.94760226546,278667.166666667,-0.127875419048915,0.900618729095524,0.999964564224971,-4.59511985041794
"2522",-95164.0132906003,353448.666666667,-1.23873512074121,0.241925049411379,0.897184636001153,-4.59511984999694
"2526",-145472.418731162,289669.5,-1.62850832633278,0.132468662973586,0.780546121828976,-4.59511984976505
"2532",-122053.496859198,439276.333333333,-1.57647541111995,0.143993755952523,0.78466107071495,-4.59511984981572
"2536",-150840.014313392,739451.25,-1.29447236559511,0.222735552505784,0.88270550718247,-4.59511984999842
"2550",-614444.5,3386424.08333333,-0.511711322741902,0.619245822367576,0.999964564224971,-4.59511985035097
"2551",-308803.036964764,2617626.08333333,-0.530949339240066,0.606296742830525,0.999964564224971,-4.59511985032796
"2553",-1450372.44960006,3491443.5,-1.8470042438619,0.0925532207042795,0.689595679013132,-4.59511984962971
"2549",-470707.809690326,1959180.25,-1.18597142423573,0.261296619183125,0.909873484022211,-4.59511985004041
"2552",40278.2512739028,715345.416666667,0.278135352902314,0.786208452900627,0.999964564224971,-4.59511985037655
"2560",-629858.266704079,1821307.66666667,-1.89306696082376,0.0856862149119255,0.689595679013132,-4.59511984959832
"2557",-132348.585292914,344256.166666667,-1.29046771243324,0.224071562961644,0.88270550718247,-4.59511984997318
"2565",-2070995.13001163,8396633.75,-2.28326717361024,0.0439098505429813,0.622538769009549,-4.59511984944944
"2561",24781.5868409002,202845.333333333,0.430705651743044,0.675228367229035,0.999964564224971,-4.59511985037104
"2574",-685150.224397565,1292485.08333333,-3.44312875601852,0.00571261576718481,0.267988374922297,-4.59511984880712
"2575",-363244.616143122,664824.166666667,-1.98039905467924,0.0739435854482855,0.689595679013132,-4.59511984951013
"2570",-14687.4413732292,151901.333333333,-0.302488522089563,0.76807746170159,0.999964564224971,-4.59511985038482
"2615",2916826.5,19322991.4166667,0.228356023707767,0.823673959099419,0.999964564224971,-4.59511985041785
"2572",2018.84813016206,159369.083333333,0.0313351674208239,0.975578976556105,0.999964564224971,-4.59511985042966
"2584",-34165.0000000001,904257.833333333,-0.0935725106153688,0.927177521863351,0.999964564224971,-4.59511985043202
"2577",-126234.121498906,608026.583333333,-0.985451859095256,0.346157227411541,0.944159489199035,-4.59511985014159
"2593",-219388.829271403,1083351,-0.839213764858423,0.419700469968023,0.999964564224971,-4.59511985021734
"2580",-58040.4917496894,347738.416666667,-0.460944204520805,0.65406440075559,0.999964564224971,-4.59511985035575
"2581",-45703.0655232598,276379.833333333,-0.603546502215071,0.558720060314418,0.999964564224971,-4.59511985029247
"2597",-13953.2530498038,1059676.58333333,-0.0492071762816453,0.961660504169013,0.999964564224971,-4.59511985042106
"2582",-48007.3478232933,360694.083333333,-0.602430315167084,0.559435626071559,0.999964564224971,-4.59511985029816
"2586",-39784.4578698217,577470.333333333,-0.330346612207137,0.747514491207659,0.999964564224971,-4.59511985037834
"2609",2588107.25209345,8887056.41666667,0.590682401806491,0.566997757509723,0.999964564224971,-4.59511985031849
"2591",-53411.9666810059,466877.916666667,-0.717350916070386,0.488519427022199,0.999964564224971,-4.59511985024961
"2589",4956.47088198586,197787.333333333,0.0894401314833183,0.930383953526629,0.999964564224971,-4.59511985041515
"2592",-48115.5239381959,197458.75,-0.890129020582985,0.392966886906745,0.98634805856209,-4.59511985018255
"2607",-5456261.52775902,4987897.75,-4.40893186073193,0.00111864805798802,0.107110551552353,-4.59511984866
"2608",-302675.339978772,2512901.41666667,-0.597284785937642,0.562740898754341,0.999964564224971,-4.59511985030854
"2623",-567566.969583169,3242036.91666667,-0.803237938340589,0.439312754546401,0.999964564224971,-4.59511985022452
"2614",503881.516043433,1194151.91666667,1.45034476151852,0.175630925154156,0.814362669922822,-4.59511984987041
"2626",-249560.078223377,1405699,-0.84600347227959,0.416066020528148,0.999964564224971,-4.59511985020585
"2619",303181.499195752,3556364.5,0.226691459888275,0.824935345482656,0.999964564224971,-4.59511985039254
"2622",-294410.05686852,2877255.16666667,-0.285889111350976,0.780420740338152,0.999964564224971,-4.59511985040074
"2632",-148913.587995987,493646.75,-1.5560348326582,0.148756771802187,0.786247034466584,-4.59511984980999
"2616",305520.383425516,2437690.08333333,0.239097752740338,0.815546705323096,0.999964564224971,-4.59511985040123
"2631",-101543.191613553,917005.75,-0.603969926948034,0.558448744261285,0.999964564224971,-4.59511985029197
"2639",-668375.754583625,2196097.58333333,-1.29340814718397,0.223089953266651,0.88270550718247,-4.59511984997628
"2637",-127647.924121992,538003.75,-1.19968298166891,0.256147771087239,0.909873484022211,-4.59511985002247
"2630",-63573.5960952776,336990.75,-0.968961733449842,0.353952813852939,0.951325808460881,-4.5951198501495
"2643",-836117.01972231,2992779.5,-1.60334034964716,0.137937504937407,0.78466107071495,-4.59511984978729
"2653",1279711.52513768,14518976.1666667,0.31208243568142,0.76097380111708,0.999964564224971,-4.59511985038723
"2628",13997.001822716,165354.5,0.266047041794818,0.79525858124645,0.999964564224971,-4.59511985040252
"2636",-203358.585572549,372038.75,-2.19915675949081,0.0508142039860086,0.622538769009549,-4.59511984934854
"2638",-22352.0846731542,323225.333333333,-0.233140911699966,0.820050945852808,0.999964564224971,-4.59511985039538
"2644",-169154.47425641,719229.75,-0.783820927617106,0.450144830704627,0.999964564224971,-4.59511985023345
"2654",-366425.31261871,955090.916666667,-2.55854192778857,0.0271008339921918,0.481389343067658,-4.5951198492241
"2663",-114271.070907073,686560.333333333,-1.53189287566644,0.154558967166917,0.794578314428579,-4.59511984986412
"2711",-628908.197724204,1833263.58333333,-1.19277043316552,0.258733354128601,0.909873484022211,-4.59511985002403
"2659",-1043743.06428006,2180330.33333333,-1.67305023856589,0.123259614979218,0.767616789220169,-4.5951198497098
"2656",-244223.666666667,489429.5,-1.87629855878182,0.088129766052614,0.689595679013132,-4.59511984956503
"2664",-19235.2282264093,780618.583333333,-0.0543804881180374,0.95763388269021,0.999964564224971,-4.59511985041985
"2672",-1010158.16666667,2852270.41666667,-0.781632265988563,0.45137660436463,0.999964564224971,-4.59511985024511
"2661",-50725.6448004988,366914.25,-0.439630364212136,0.668950213293615,0.999964564224971,-4.59511985036894
"2674",-205523.616287745,543237.833333333,-1.38193609744224,0.195154717625456,0.837453232052325,-4.59511984990681
"2670",-160074,439132.666666667,-1.14420778266815,0.27748413324662,0.909873484022211,-4.59511985005185
"2677",-95789.5129114588,452425.166666667,-1.13751242176342,0.280150622156804,0.909873484022211,-4.59511985006466
"2680",-377246.915640696,1470582,-0.850363891196124,0.41374318840004,0.999964564224971,-4.59511985020285
"2688",-799175.949954562,2457653,-0.774382233037864,0.455472479910448,0.999964564224971,-4.59511985024834
"2685",-166549.963928425,575224.25,-1.47697674592883,0.168493161522447,0.811734350479212,-4.59511984985163
"2690",-283578.353249498,1204613.25,-1.27318228844273,0.229913586941403,0.88382289273182,-4.5951198500056
"2683",-39155.7383263349,1029862.25,-0.291252310489594,0.776425551188858,0.999964564224971,-4.5951198503818
"2691",-480904.970991357,5075541.58333333,-0.283933537492181,0.781879160195374,0.999964564224971,-4.59511985037622
"2709",-3131062.90051996,5791540.33333333,-1.51335927033206,0.159145789046057,0.797380973312059,-4.59511984982051
"2698",-1550427.59495239,3836419.66666667,-2.22425197971946,0.0486520202080678,0.622538769009549,-4.59511984935372
"2703",-40666.6142795992,444805.583333333,-0.293661787757936,0.77463286321871,0.999964564224971,-4.59511985039158
"2708",-731004.315849165,1618787,-1.66551203995081,0.124776877884477,0.769241695528907,-4.59511984974864
"2693",-25203.0349599569,328852.25,-0.450888356155276,0.661068403423763,0.999964564224971,-4.59511985033625
"2699",-155156.60549096,263466.916666667,-2.47896421481748,0.0311754025283538,0.497507465348313,-4.59511984932778
"2702",22512.4489224108,516137,0.144140227371167,0.88806811326514,0.999964564224971,-4.5951198504163
"2700",-89551.6395009577,212749.833333333,-1.37647032390766,0.196790576722478,0.837453232052325,-4.59511984991917
"2757",-355402.468149475,878071.583333333,-1.6450530874122,0.128979006891137,0.771858744364149,-4.59511984974063
"2714",-39848.3566655576,215952.333333333,-0.594656133986103,0.564433593087641,0.999964564224971,-4.59511985030465
"2710",-44650.3602922662,365107.166666667,-0.385597713600552,0.707348823721531,0.999964564224971,-4.59511985038067
"2715",-638837.978887267,1104838.66666667,-3.29053947349637,0.00745535516232403,0.317266780796678,-4.59511984901665
"2717",195256.007430482,1239468.41666667,0.388460848350846,0.705291362539956,0.999964564224971,-4.59511985037678
"2718",-54762.7744201056,460449.416666667,-0.646243404697232,0.53173511550036,0.999964564224971,-4.59511985028582
"2732",-16139.8461304468,242477.5,-0.347429959715354,0.735004576771935,0.999964564224971,-4.59511985037981
"2720",46863.5101431105,205681.083333333,0.771809738653213,0.456931542614249,0.999964564224971,-4.59511985023842
"2729",-1614041.77593862,3893990.83333333,-1.82015653585042,0.0967852896553094,0.689595679013132,-4.5951198496579
"2728",-546350.098194521,2402001.5,-0.737352842026342,0.47676312639856,0.999964564224971,-4.59511985025927
"2727",-249162.196184993,1151252.08333333,-0.77266667406137,0.456445173771344,0.999964564224971,-4.59511985024344
"2730",-111859.848266033,501335.416666667,-1.55613247402626,0.148733696138378,0.786247034466584,-4.59511984984611
"2747",-1870328.22746697,3004760,-1.91624873823263,0.082411088586821,0.689595679013132,-4.59511984957105
"2739",-41189.3538061628,502149.166666667,-0.254800993196783,0.803706600010342,0.999964564224971,-4.59511985037535
"2768",1518311.41434037,3841806.41666667,0.768502919231196,0.458811510255038,0.999964564224971,-4.5951198502451
"2767",-51367.1474396098,718669.5,-0.798731177091508,0.441811553006946,0.999964564224971,-4.59511985021031
"2790",-371916.166666667,824461.75,-1.88957979238312,0.0861891672726026,0.689595679013132,-4.59511984955576
"2778",-41251.6412783362,194679.666666667,-0.659814617275816,0.523318502274079,0.999964564224971,-4.59511985028034
"2780",-152679.666666667,289300.166666667,-1.51287182081602,0.159268001196795,0.797380973312059,-4.59511984981575
"2784",-67534.9967013556,312774.416666667,-1.14631460287002,0.276649176674077,0.909873484022211,-4.59511985007009
"2787",-152421.634667043,682445.583333333,-1.28314872854463,0.226530216249725,0.88382289273182,-4.59511984998562
"2803",-304932.46856637,798371,-2.74670825337076,0.0194409736037153,0.450264526842254,-4.5951198491175
"2810",-77125.5000000002,1033559.25,-0.319482304467914,0.755510371633962,0.999964564224971,-4.5951198504017
"2809",-101648.345790629,467290.416666667,-1.14853752299489,0.275770334949912,0.909873484022211,-4.59511985006076
"2794",-37779.2876864424,239869,-0.781102068765405,0.451675326445083,0.999964564224971,-4.59511985023133
"2817",-20934.9244050984,872879.333333333,-0.233807490092504,0.819546573986514,0.999964564224971,-4.59511985038069
"2816",-640180.772912869,1809015.75,-1.04210119044881,0.320334124412396,0.922465937217652,-4.59511985011223
"2819",-13269.6978682779,192690.5,-0.246723862506023,0.809790452448228,0.999964564224971,-4.59511985038985
"2812",-113940.936981156,285018,-1.67837550262356,0.122197714416612,0.767241387238728,-4.59511984972974
"2826",-9572.41854156342,342518.5,-0.12938476980701,0.899452794622696,0.999964564224971,-4.59511985039396
"2828",9469.66220221278,962108.666666667,0.0544041508449787,0.957615467679714,0.999964564224971,-4.59511985040688
"2836",29949,381699.666666667,0.370219158905224,0.718441490327105,0.999964564224971,-4.59511985039046
"2858",12402.3569597712,690123.166666667,0.100253215409752,0.921996661387495,0.999964564224971,-4.5951198504124
"2883",48440.6666666665,797326.166666667,0.26223248612113,0.798121051873052,0.999964564224971,-4.59511985041246
"2849",6646.86932394233,178044.75,0.116505535127979,0.909409368762312,0.999964564224971,-4.5951198504056
"2872",-260846.169014236,848503.666666667,-1.15608362450713,0.2728032085307,0.909873484022211,-4.59511985004478
"2892",-186274.623110179,841550.416666667,-0.69192109275734,0.503721769623634,0.999964564224971,-4.59511985027854
"2889",-35642.0995397477,368016.166666667,-0.469487881343119,0.648140900802844,0.999964564224971,-4.59511985036273
"2894",-555439.52150409,672685.25,-4.50912910225116,0.000950804517360041,0.107110551552353,-4.59511984873568
"2878",-93378.5717575676,479954,-1.13443200894175,0.281384100129921,0.909873484022211,-4.59511985006022
"2900",-170194.694881026,931159.916666667,-1.09641023985496,0.296957677860044,0.912573300049572,-4.59511985008408
"2908",-110022.120946859,205622.583333333,-1.94496078161334,0.0785155181005886,0.689595679013132,-4.59511984956683
"2914",-365155.666666667,6223878,-0.0981526977211375,0.923625208026605,0.999964564224971,-4.59511985043174
"2921",-5868.84842022736,546698.25,-0.0700488040242803,0.945446564231632,0.999964564224971,-4.59511985041769
"2912",-46285.5459670439,466506.916666667,-0.398784247202123,0.697893503028745,0.999964564224971,-4.59511985037711
"2918",-88940.5006523147,419553.916666667,-0.819013579796515,0.430639277866574,0.999964564224971,-4.59511985021536
"2923",-76736.741205437,421591.5,-0.93275970500076,0.371510044352787,0.961029516289219,-4.59511985016537
"2929",-26981.6122627023,148123.916666667,-0.533345687236041,0.604693513082347,0.999964564224971,-4.59511985033277
"2955",-814961.835273537,2074049.83333333,-1.91988728301796,0.0819076856665301,0.689595679013132,-4.59511984960627
"2916",-23930.232347952,313640.25,-0.200493789684791,0.844853549491966,0.999964564224971,-4.59511985041661
"2942",-1061103.7392525,1366471.83333333,-2.24785517352942,0.0466991089330834,0.622538769009549,-4.59511984931528
"2932",87232.2288270682,383120.583333333,1.18133898701595,0.26305455609479,0.909873484022211,-4.59511985004137
"2939",-32024.8105288746,142556.166666667,-0.721600064742231,0.486007060597667,0.999964564224971,-4.59511985026902
"2947",-40219.4104143405,1190027.83333333,-0.242861843107249,0.812704088591062,0.999964564224971,-4.59511985039162
"2970",-1655408.80132222,2548238.58333333,-2.02622116660143,0.0684004204926849,0.689595679013132,-4.59511984948144
"2950",-3435175.17233502,4156232.5,-1.98838176714029,0.0729486047112069,0.689595679013132,-4.59511984956216
"2945",-286568.824034333,702994.416666667,-1.77950953042399,0.103529882121526,0.708070443795437,-4.59511984967355
"2948",82948.1357474864,2189468.5,0.082326216219115,0.935906845214525,0.999964564224971,-4.59511985042569
"2943",-210980.036750472,411586.583333333,-1.44723613277435,0.176480683038105,0.814362669922822,-4.59511984987536
"2966",-91843.7848048525,375748.416666667,-0.969342664490477,0.35377130814223,0.951325808460881,-4.59511985015023
"2974",-347165.118343905,841091.666666667,-1.33000929434644,0.211164058818024,0.860381218375565,-4.59511984995771
"2985",-503471.540327715,1289145.33333333,-2.26457642332056,0.0453614283275123,0.622538769009549,-4.59511984932856
"2976",-291295.332605376,1134907.75,-1.1388542511511,0.279614634895883,0.909873484022211,-4.59511985006144
"2992",-300334.92329693,645240.666666667,-1.57829868057958,0.143575464791178,0.78466107071495,-4.59511984978425
"2997",-378865.490290457,927017.416666667,-1.86015744024061,0.090542420612271,0.689595679013132,-4.59511984959261
"2987",22106.5070450944,1115130.33333333,0.141590341158983,0.890033683747429,0.999964564224971,-4.59511985039718
"3001",-1446764.99179029,1850828.58333333,-14.0640736648657,3.06050406360608e-08,2.34434611272226e-05,-4.59511984814465
"2993",-81574.104041408,656552.083333333,-0.665093169930794,0.520066090199496,0.999964564224971,-4.59511985027902
"2977",15058.2827113373,421955.916666667,0.121568626656292,0.905493189129817,0.999964564224971,-4.59511985041596
"2995",-293185.864638241,852036.166666667,-1.62962132481708,0.132231307661974,0.780546121828976,-4.59511984977408
"3004",-53832.116690492,298302.916666667,-0.767672534119309,0.459284373390663,0.999964564224971,-4.5951198502361
"3005",-126612.461854409,449699.916666667,-1.27817268164552,0.228214355796337,0.88382289273182,-4.59511984999244
"3006",-190578.363523125,293911.666666667,-3.12455028526764,0.00997731574606573,0.348894416003844,-4.59511984893172
"3025",-21592.125065813,170243.75,-0.462817163945995,0.652763684162682,0.999964564224971,-4.59511985033602
"3024",-99894.6666666667,220756.333333333,-1.24342513024491,0.240260484874996,0.897184636001153,-4.59511984999129
"3041",-36824.1353568702,108105.916666667,-0.720516856850263,0.486646760943503,0.999964564224971,-4.59511985026805
"784",13713.3047396647,182242.666666667,0.249685322917657,0.807558269438212,0.999964564224971,-4.59511985040708
"1475",-19372.4923946204,205001,-0.33244322168512,0.745974976291138,0.999964564224971,-4.59511985037925
"1073",1787475.35237312,3212832.33333333,1.84849534163245,0.0923232249148823,0.689595679013132,-4.59511984965958
"1123",672959.837469046,2094258.41666667,1.263989178373,0.233070788944945,0.88382289273182,-4.59511985000109
"3068",2157160.5,6043119.41666667,0.794206418909138,0.444329685027684,0.999964564224971,-4.5951198502393
"3070",-3032147.94826918,3377348.91666667,-1.76973142441385,0.10521491985641,0.713226801858494,-4.59511984965141
"3083",-21493841.1942039,32187806.9166667,-3.24669907648515,0.0080504968148169,0.321721150144638,-4.59511984880965
"3084",14683537.6704947,47227661.1666667,2.33566011810536,0.0400758412816625,0.590347969649106,-4.5951198493942
"947",2951875.30879846,20272135.9166667,1.89181478763176,0.0858665024028021,0.689595679013132,-4.59511984966825
"1084",242667.493520697,1640146.66666667,0.420102401239211,0.6827210509601,0.999964564224971,-4.59511985037618
"1266",-182588.463647513,2213376.58333333,-0.230513464042096,0.822039853524871,0.999964564224971,-4.59511985041532
"1340",246628.258295267,31216310.9166667,0.0306455034557654,0.976116279285199,0.999964564224971,-4.59511985043318
"1490",4062243.4491611,70479510.75,0.437944556886748,0.670134096597027,0.999964564224971,-4.59511985036611
"1443",907011.499999997,26766765.75,0.136947612336312,0.893614494057116,0.999964564224971,-4.59511985042875
"1466",1397434.55627632,20676909.75,0.51668648888193,0.61588379558338,0.999964564224971,-4.59511985034568
"1478",3626347.63823628,66938593.0833333,0.533061234078644,0.604883706944834,0.999964564224971,-4.5951198503277
"1450",-493026.863628365,4496051.75,-0.509856688928711,0.620501456763222,0.999964564224971,-4.59511985035062
"1709",701352.748863116,2782027.5,0.682652292291523,0.509333287735886,0.999964564224971,-4.59511985028715
"1721",9157108.66666667,13191961.6666667,2.71484329514827,0.0205671601563102,0.450264526842254,-4.59511984900172
"1833",14634406.1024411,19204610.4166667,2.91324892371488,0.0144836838104088,0.382569027543902,-4.59511984893764
"1926",2610792.66666667,12623579.5,0.933096936348339,0.371343681551167,0.961029516289219,-4.59511985017051
"2054",119681.166666667,29723344.25,0.00709567490104348,0.994469055880774,0.999964564224971,-4.59511985043488
"2100",699613.599663348,3958048.16666667,0.557858934613515,0.588419771057822,0.999964564224971,-4.59511985033298
"2106",10841.8196471894,672198.5,0.0767159850559649,0.940264859678958,0.999964564224971,-4.59511985042606
"2240",-3077062.16666667,8135937.75,-1.65200382819109,0.127537461269153,0.769241695528907,-4.59511984972084
"2257",-5818761.10735125,8238266.75,-4.48364592614904,0.000990812279743732,0.107110551552353,-4.59511984834786
"2307",-167072.38141962,1569400.58333333,-0.313593742494094,0.759856859945886,0.999964564224971,-4.59511985040287
"2321",-204968.078879698,2755104.66666667,-0.267921398070298,0.793853203536667,0.999964564224971,-4.59511985039572
"2374",389558.202196498,5798412.16666667,0.355869030721952,0.728854076428652,0.999964564224971,-4.59511985037785
"2385",-125955.695112701,980209.75,-0.499609991008666,0.627461505043752,0.999964564224971,-4.595119850341
"2624",-1595493.60531399,4258147,-1.7127318717719,0.115541392885942,0.750039889412133,-4.59511984970355
"3059",18286780.3029342,16121085.1666667,2.09836250367417,0.0604585484716826,0.652271100412801,-4.59511984944298
"3061",8320939.26639908,10615144.1666667,1.81510203518399,0.0976015799455166,0.689595679013132,-4.59511984965911
"3066",-2963840.39050107,3298221,-4.31683385588611,0.00130048630120938,0.109311244671795,-4.59511984837224
"3067",3525151.66666666,53949242.1666667,0.177808585700514,0.86219405040401,0.999964564224971,-4.59511985042454
