	Spot	logFC	AveExpr	t	P.Value	adj.P.Val	B
1117	1117	-2.09733219182176	19.609305059879	-12.2339455822891	1.78384798967234e-07	0.0001154149649318	7.79646804320949
503	503	1.67168257387163	19.2654904686942	10.348757390524	8.9052054279843e-07	0.000288083395595292	6.30657676478287
1600	1600	-1.55256388809171	19.9353611962029	-9.13166679177107	2.88291033555561e-06	0.000621747662368161	5.16019707944136
339	339	-1.61845733482813	22.9534367649806	-7.92496189006189	1.05259566655842e-05	0.00170257349065825	3.85872000169302
1143	1143	-1.41736365502232	21.6273962075319	-7.47088423724978	1.78112318574089e-05	0.00230477340234872	3.34279752412735
1232	1232	-1.12647946192589	21.2816855878686	-7.29673121202715	2.19262656409926e-05	0.00236438231162037	3.17614091380247
272	272	-1.32941249169657	20.7483765540745	-7.14817718579823	2.62527564165677e-05	0.00242650477164562	2.94063004916322
2112	2112	-1.63203784714315	20.2412626454836	-6.63289840224278	5.00511926251248e-05	0.00359812462538397	2.29531326887504
665	665	2.09427305147392	19.8804551376818	6.64395326541939	4.93459998187696e-05	0.00359812462538397	2.26185211400679
2806	2806	-2.7034632685878	22.7511513486502	-6.51472979934105	5.83054793009587e-05	0.00377236451077203	2.11628143003778
2126	2126	-1.33591464886635	19.2418292835911	-6.26573230543291	8.09038880129396e-05	0.0047586195949429	1.7739263991735
670	670	1.73995703060397	18.9773416430275	6.19860614462091	8.84965898855518e-05	0.004771441137996	1.66587597686055
2034	2034	1.48862547682741	18.1433384825608	6.05305824891706	0.000107719639563183	0.00536112359979839	1.49639115731522
1624	1624	-1.20732192238264	21.7551380223799	-5.75870878708087	0.000161719310833942	0.00747374243639719	1.08718825075427
1159	1159	-1.61686020289347	19.6886868655274	-5.69477720869044	0.000176919681763281	0.00755763244893057	1.0019865627767
1838	1838	0.969685022910836	18.3789226148007	5.65593342870729	0.00018689662933986	0.00755763244893057	0.936503740142677
2191	2191	-1.49224654900876	20.72742416631	-5.5643222455414	0.000212890310113624	0.00810235474373617	0.833421963130161
1612	1612	1.112371543441	18.5333098148153	5.4387145313088	0.000254995167145122	0.00872464841335403	0.60682623554613
1502	1502	-1.44334907511252	19.2688337482909	-5.43542548221065	0.000256210695291695	0.00872464841335403	0.594352209896409
651	651	1.39441111147858	23.5919860054817	5.34307238501999	0.00029299566641138	0.00880363167316013	0.498681015624572
1496	1496	-1.48633282502749	19.957073327088	-5.37064937153162	0.000281454526699859	0.00880363167316013	0.480018847600044
619	619	1.38016502607877	21.58288625388	5.2507396211063	0.000335458929000423	0.00880363167316013	0.35743020743386
1941	1941	-2.15139413590396	20.5217754613191	-5.25755187420504	0.000332112098130107	0.00880363167316013	0.30415006741025
2813	2813	1.20174756513113	25.7421492427132	5.19547264601622	0.000363977544944306	0.00880363167316013	0.222291635682915
895	895	1.78926455195118	18.4213098458974	5.20296280425932	0.000359965651737335	0.00880363167316013	0.214715098024779
268	268	-1.30370986686538	20.9364941156362	-5.19104459918016	0.000366371684735421	0.00880363167316013	0.193921439927954
914	914	0.66523567708571	21.4437580730121	5.18917982504619	0.000367384938447177	0.00880363167316013	0.18628471011449
278	278	-1.29955127257554	21.0944906115207	-5.0614960757734	0.000444388701682355	0.00991446517201668	0.0178185085727653
831	831	1.85508841714187	19.4950506801249	5.07176574324931	0.000437601320789317	0.00991446517201668	0.00713032376157674
1708	1708	0.973032406038661	18.3562433230007	4.98632930663963	0.000497608327336023	0.0107317529262136	-0.0552430369573074
650	650	0.759062760097801	23.4845865929817	4.89016803815682	0.000575764480513931	0.0120167618997585	-0.171634333222129
2800	2800	-1.76569681300495	21.7798047696931	-4.81282459573606	0.000648066947148521	0.0126110915151689	-0.274723911154366
335	335	1.21974178022298	21.2114958627849	4.83026505055444	0.00063096139628414	0.0126110915151689	-0.349065299622882
897	897	0.958777267159123	19.0667828979995	4.7948453065858	0.000666216775128135	0.0126110915151689	-0.409458949841992
623	623	0.950922263093238	21.5820231073705	4.77943006540724	0.00068220742354082	0.0126110915151689	-0.423999507839151
604	604	0.591909522179088	20.6840852602792	4.69549356841266	0.000776715854205239	0.0132621590872	-0.5061228116576
814	814	1.76130586577402	20.3104704027898	4.72028613210178	0.000747436026643404	0.0132621590872	-0.545608774291422
968	968	-1.26068129216035	18.836560224261	-4.69366640343302	0.000778921244688715	0.0132621590872	-0.546189014319944
587	587	1.53545360971672	20.547795714902	4.66248154956218	0.00081760118716069	0.013386153156219	-0.626947782253356
133	133	1.55986175375056	21.4912544534508	4.63403891768297	0.000854654532330904	0.013386153156219	-0.654318028542908
256	256	1.49730025087062	19.5045384984403	4.62698266159047	0.000864119320075081	0.013386153156219	-0.670526224697265
756	756	1.07658908279598	19.5109118176316	4.60831532843694	0.000889696976965654	0.0133868359092274	-0.696199492457603
1109	1109	1.04636467459406	19.9505959955625	4.62340383865564	0.000868962028688098	0.013386153156219	-0.700650750208535
1080	1080	-1.40108438691877	21.8831423010932	-4.56666114507955	0.000949700964603904	0.0139649210022438	-0.733591663659261
2288	2288	-1.91368081742758	21.1540148862556	-4.53338476502434	0.00100070593878543	0.0140751465737864	-0.782387310911312
1170	1170	-1.6032893012056	20.1616327972932	-4.55228342425782	0.000971393278985505	0.0139664767000805	-0.791635811111408
351	351	1.59203231128222	22.2745387793655	4.51600507197785	0.00102848792576782	0.0141581210206761	-0.842716089637969
266	266	-1.18130540684314	20.4505662282597	-4.48863093439421	0.00107391023603348	0.0144754150565347	-0.912774007197629
845	845	0.609083756411949	20.1429083993617	4.42976400555342	0.00117891379694823	0.0155664740127654	-0.991180136195966
1309	1309	0.734908443877283	17.9530741007934	4.38400595760519	0.0012679940008605	0.0161319389983183	-1.02799759456775
802	802	-1.54054404869764	20.2557409053189	-4.38114924882333	0.00127378558964761	0.0161319389983183	-1.04774252930879
916	916	0.576252002826655	23.509091414076	4.37005701293274	0.00129653914669637	0.0161319389983183	-1.08076562803351
486	486	0.947195386338468	19.3674534073615	4.33691033422892	0.00136712028303974	0.0166042288664497	-1.09550999764395
1736	1736	-0.900959389493627	19.5970097619599	-4.31328158862379	0.00141989714420218	0.0167031536781602	-1.17077242908512
1452	1452	1.08467475052283	17.9748994137564	4.32842814927807	0.00138582435670523	0.0166042288664497	-1.18030545213505
946	946	0.723162491130059	21.2517184271453	4.24582566162374	0.00158270009297526	0.0173560501721185	-1.22553454350707
658	658	1.02399451208676	19.3375876883375	4.25555534378005	0.00155805470358888	0.0173560501721185	-1.26669219263642
798	798	1.2495198763916	18.8570113464427	4.27215378993713	0.00151693741603838	0.0173560501721185	-1.27305442268856
879	879	0.975124858253874	19.9517466415223	4.26324209503936	0.00153886946935703	0.0173560501721185	-1.28777719895002
1887	1887	0.770445185521199	18.1327625507984	4.17139007754733	0.00178534869003116	0.018516976094658	-1.37186700784988
345	345	0.626040374893648	24.3236517034774	4.16531662929741	0.00180304404012899	0.018516976094658	-1.38130753350821
1151	1151	-0.967158923953356	21.6805111386101	-4.18232384963926	0.00175395042468983	0.018516976094658	-1.40331665025511
1142	1142	1.28032739929982	19.1941940891872	4.17794495822083	0.00176645502802794	0.018516976094658	-1.40767950235422
1341	1341	0.812887455908586	19.6528682740148	4.09982584021718	0.00200597614590773	0.0198109729156339	-1.50034638211114
661	661	1.6121431946417	20.8828272072878	4.09679671278157	0.00201592318549552	0.0198109729156339	-1.52900783352183
1063	1063	-2.51091903473861	20.9799909950775	-4.09528612449479	0.00202090295584519	0.0198109729156339	-1.56697435003286
939	939	0.609071746185924	21.3107472059303	4.0612178808265	0.00213670276082307	0.0206335326306347	-1.60018699359559
1290	1290	0.989201374527171	20.7775950560051	4.02812076583446	0.00225587068417221	0.0208424052624345	-1.62478723797424
551	551	-1.35745072789294	23.6156804014554	-4.02248018397955	0.00227686410382013	0.0208424052624345	-1.65131242297637
580	580	1.24776248958725	20.675753656828	4.02340485005895	0.00227340867042447	0.0208424052624345	-1.68218617362735
767	767	-1.70517003003114	22.5140756550053	-4.01046460963332	0.00232226878731637	0.0208424052624345	-1.68696569573166
1483	1483	1.2412101494964	19.053518724827	4.00641938361034	0.00233776728920937	0.0208424052624345	-1.68719221252105
631	631	1.31770012538364	20.1403740605108	3.99932085816262	0.00236522599745584	0.0208424052624345	-1.69138202032123
1228	1228	0.710669170665306	21.2905977585873	3.99456023908114	0.00238382996819189	0.0208424052624345	-1.69219624027152
985	985	-0.81441705849269	21.696074665005	-3.86803741303773	0.00293865063092031	0.0246922981585122	-1.82819816716708
1111	1111	1.66510107503083	20.4160918399647	3.92636279244738	0.00266779331885486	0.0230141636973213	-1.84348649854916
1361	1361	0.755682784490137	18.254110691567	3.8784898244609	0.0028880784672794	0.0245866680043391	-1.8968724822
876	876	0.96123402304641	20.5493936087972	3.84700741434832	0.00304321851396231	0.0252431074170977	-1.94238605928699
1212	1212	-0.928541903738965	21.2161365126863	-3.79243380849367	0.0033330632100726	0.0272973657837592	-2.0273256744717
1175	1175	0.61246161291744	19.5864910459265	3.74113843147218	0.00363174304593057	0.0283390215679052	-2.09860970306972
96	96	-1.39828990236728	18.4508719513421	-3.73870633384197	0.00364657768329724	0.0283390215679052	-2.12356576618526
1806	1806	-1.06324692658728	18.3915032642074	-3.76181941442852	0.00350810604287817	0.0282536105444724	-2.12474674966334
134	134	0.833911590829716	21.8413608898528	3.7568921543831	0.00353715989814879	0.0282536105444724	-2.13845001287063
948	948	1.01330785044454	19.0528339324279	3.73170502163683	0.00368963501150727	0.0283390215679052	-2.16535084210229
440	440	-1.98889441512024	19.4366562787961	-3.7263290050416	0.00372305538372789	0.0283390215679052	-2.17882131122487
1970	1970	-0.555542128090164	23.2731334294293	-3.65582654842619	0.00419162484078225	0.0308179689998422	-2.23029194367382
1113	1113	0.678782655027129	20.5831550947605	3.66274810032414	0.0041430277535634	0.0308179689998422	-2.23382770743111
710	710	-0.788187901512693	21.9040474750287	-3.61990635896935	0.00445349098120969	0.0313196594004638	-2.29825772289573
1075	1075	-3.16409288707741	20.1665629873772	-3.65886267028755	0.00417023545610164	0.0308179689998422	-2.30589317779021
1287	1287	0.936337461184425	19.9125973912901	3.62661650963861	0.00440331470033818	0.0313196594004638	-2.30938594021164
1438	1438	0.954320987451035	20.4217925067122	3.62198859446889	0.00443785762588724	0.0313196594004638	-2.35412407314298
274	274	1.19442235371808	19.1600796263219	3.62294768766331	0.00443067592438303	0.0313196594004638	-2.35718667704745
1633	1633	-1.06142104234147	18.284425728306	-3.61281675865632	0.00450714868488732	0.0313561849367967	-2.37494395176988
2385	2385	0.652330813408344	18.0825748243791	3.58304698521557	0.00473987483509121	0.0326244576415321	-2.39118049418824
291	291	-0.796441605245709	17.9884568769786	-3.49545743731805	0.0054994522504202	0.036681913464143	-2.49211979966393
1100	1100	0.74129706074905	18.8932336329935	3.51239381657626	0.00534333597269492	0.0363909302561433	-2.49681081977401
817	817	1.0268078408202	22.2051999640618	3.49994730749103	0.00545761221167974	0.036681913464143	-2.57873979102859
1253	1253	0.783891028809902	19.4025577894733	3.47054948257817	0.00573765255056219	0.0374195152447533	-2.59987852427708
990	990	0.451679646066852	22.1115088265305	3.41576729347192	0.00629972172593427	0.039959999575289	-2.60557403440087
869	869	0.538986887045077	22.4296193592245	3.46019339383797	0.00583979946684152	0.0374195152447533	-2.60956012794798
261	261	0.722298743159485	22.337281380163	3.47780368215631	0.00566720005382996	0.0374150860696733	-2.61446014561969
657	657	1.04362996762002	19.6720432864377	3.46003490678465	0.00584137718658436	0.0374195152447533	-2.627698508753
536	536	0.772697329833554	21.6668184623338	3.39283318393404	0.00655159022428414	0.0407584507222292	-2.69204237301535
1432	1432	-1.82272983445152	20.3315764651173	-3.39774143837826	0.00649682838133942	0.0407584507222292	-2.72241787242346
1203	1203	0.995106966283945	18.744591713373	3.33515768358576	0.00723180925205334	0.0421529782529595	-2.76387621013869
588	588	0.695097356466058	23.4376655929183	3.38470193686898	0.00664335866258297	0.0408364606216823	-2.77746103595718
1535	1535	-0.849686842923635	18.963912247726	-3.36327143782609	0.0068916085496035	0.0412231740517061	-2.78095732344014
1298	1298	0.870103521964395	18.2240683754114	3.38058170295328	0.00669036294574703	0.0408364606216823	-2.78457596325404
1475	1475	-1.04250431691654	19.74783146217	-3.36314667787365	0.00689308135670559	0.0412231740517061	-2.81442698349757
1024	1024	1.00470358287692	19.4686224416029	3.35131426466452	0.00703424513001693	0.0413741509010996	-2.81737276878287
1022	1022	-0.56200927729378	21.2738144912984	-3.35877768768157	0.00694486239820087	0.0412231740517061	-2.82223763275594
1578	1578	0.934145718873207	18.4756744900371	3.30841028451566	0.00757149233985767	0.0437388887847135	-2.84841094991543
1260	1260	-0.602378559341596	18.4605949349529	-3.29854487943938	0.00770087536867542	0.0440926226861327	-2.84986176946771
1126	1126	0.555338041192457	21.191938336178	3.26989712526851	0.00808958732311456	0.0452488551116044	-2.87192190577608
885	885	-0.90547644662912	24.8156802668475	-3.26824394829632	0.00811262317302336	0.0452488551116044	-2.92617031929441
294	294	-1.51352730233194	19.3470246538466	-3.28673327881692	0.00785876962254055	0.0446019644366994	-2.92860426260513
1089	1089	-1.99302603769773	20.9705762707461	-3.24477784234137	0.00844694797293095	0.0465796343635121	-3.00609782224757
462	462	0.752381818342804	22.3597233724046	3.22635089240866	0.00871934375666566	0.0473145374656911	-3.00843720895823
659	659	1.09590995465281	22.5467658786711	3.24146952729819	0.00849520379427269	0.0465796343635121	-3.00851707413333
954	954	0.683936867500503	20.9944254084795	3.21781052411606	0.00884862292635027	0.0473145374656911	-3.0390807511699
1356	1356	-1.20914188937417	22.1125348551405	-3.21906748887626	0.00882947338691864	0.0473145374656911	-3.05750961298676
1433	1433	-0.812852249159793	18.2591007779185	-3.19908131908464	0.0091390403881142	0.047836901164417	-3.05782001421561
529	529	0.789904194794742	21.4724955861256	3.19899834277789	0.00914034847621409	0.047836901164417	-3.07953305119917
933	933	-0.721183677214584	21.0702375417846	-3.19258333606402	0.00924205973037422	0.047836901164417	-3.09102032392707
701	701	-0.523274234087838	22.8699764952547	-3.16236284009211	0.00973698765914489	0.0491225103575672	-3.09491541358432
53	53	0.567190547739104	23.6756053416222	3.19486063838944	0.00920582091431493	0.047836901164417	-3.10008059152327
1172	1172	-0.59636357567526	20.499024722042	-3.12423674464244	0.0104001879275891	0.051147431452918	-3.11861436034382
557	557	0.664416968757482	21.7212596300051	3.17267496924888	0.00956513289102028	0.0488177202670248	-3.1333470555879
1141	1141	-1.04721992423657	19.5728608072341	-3.17162682929257	0.0095824582286123	0.0488177202670248	-3.13571093862704
744	744	0.728735417891312	18.5314729492922	3.08488799019179	0.0111330045186521	0.0525770359384518	-3.15399908819397
1059	1059	-1.5804809648735	21.8416123933623	-3.15897495918901	0.00979413266789208	0.0491225103575672	-3.15781081697764
958	958	0.460977909430181	21.0107643701897	3.12220681288063	0.0104367629939743	0.051147431452918	-3.18797630586355
957	957	0.538398028212723	20.0374640527662	3.13840845838938	0.0101484555252918	0.0505080824989522	-3.19669888347059
1834	1834	-0.935020967310712	19.6552751393799	-3.11360925184513	0.0105931310891669	0.051147431452918	-3.21962096648546
1854	1854	-1.24024019875804	18.9939154361539	-3.11544396311086	0.0105595632391326	0.051147431452918	-3.22281103254769
913	913	-0.516809020038997	22.379601538016	-3.09408689858159	0.0109571112761049	0.0524208225475212	-3.25001270724367
2461	2461	-1.05894384451307	19.6770942491761	-3.09083816130585	0.0110189055123074	0.0524208225475212	-3.26242709529172
284	284	-1.10297019765765	23.4659033061633	-3.07476643266732	0.0113298605742183	0.0527368330325126	-3.27717757804922
917	917	0.489263845552396	23.3458581285557	3.06276837487418	0.0115678027150366	0.0528717404356003	-3.28859954854175
561	561	0.595821786106074	20.3937229064656	3.0609652252156	0.0116039986736557	0.0528717404356003	-3.29690236360896
878	878	0.485212183857634	23.5738373587651	3.07999382890407	0.0112277539539314	0.0526402667260409	-3.30457903856334
613	613	0.548383133580047	21.8398156951246	3.05414797837166	0.0117418892907575	0.0531258907071335	-3.31428496753607
1519	1519	1.02179077219766	19.7417831325884	3.06487041864564	0.0115257516143732	0.0528717404356003	-3.3147432377127
998	998	0.631862944418783	21.9200542642847	3.04044039810312	0.0120242073296153	0.05402543154348	-3.33572791913834
800	800	1.2159976453689	18.2466332775018	3.03432564649789	0.0121523585581235	0.0542246619800409	-3.36898807149227
898	898	0.480634644950819	19.5379439579857	2.98072866876578	0.0133366240999304	0.0579113811587582	-3.37048804857976
622	622	1.35868240826879	21.0690589699672	3.02667582551406	0.0123146349256167	0.0545723890196849	-3.37146299800059
1053	1053	-1.00113306528169	24.0526252744754	-2.96296886875118	0.0137543024075906	0.0585462740638891	-3.37675925391529
573	573	1.551881246462	21.8661955382327	2.99041318720821	0.0131142945614496	0.0575513154663187	-3.44686822635018
1132	1132	0.656073547234893	21.6408003058909	2.9454810240427	0.0141785156467535	0.0595681793730488	-3.44818950661169
2089	2089	-1.56518498552525	20.5602749534697	-2.98820078128742	0.0131647522241347	0.0575513154663187	-3.44863265717553
809	809	-0.983675734532681	22.2202489221285	-2.96340504643102	0.0137438874245395	0.0585462740638891	-3.47848763973665
446	446	-0.901546946961683	18.1093280029103	-2.95895247370395	0.0138505812252269	0.0585707585145217	-3.48879761254571
525	525	-0.699286378571953	24.2322339423259	-2.96775111988884	0.0136405472863609	0.0585462740638891	-3.49867395170897
932	932	0.460880999333184	20.7545783777501	2.90686955286134	0.0151625564803959	0.0624851849860902	-3.51647540309928
1869	1869	-0.564011179596964	18.6100761572116	-2.90927650956311	0.0150992461872374	0.0624851849860902	-3.52596487958264
1893	1893	0.894027523507607	18.497501509556	2.92167589815345	0.0147773057142203	0.0616833341748422	-3.55784406857148
1749	1749	0.793739552352224	19.0230794940165	2.89452435689229	0.0154915056437293	0.0634367351360308	-3.55898276707917
602	602	0.622788074697934	19.7745814556249	2.86936181082733	0.0161844296285688	0.0658573960357487	-3.60090852410582
1579	1579	-0.809686707811965	23.1697596628163	-2.85605242350339	0.0165634781775062	0.0669785648802909	-3.68100050209542
635	635	-1.16441079548333	20.6781781324081	-2.82188449295931	0.0175779697492888	0.0706394188061481	-3.69280976522451
450	450	0.441823770372417	20.7462346381284	2.76740298521403	0.0193262353074102	0.0753592936084448	-3.7402359354127
714	714	-1.14267091397879	24.2132020069525	-2.81623060253472	0.0177517627848962	0.070897472356962	-3.74495850754016
1301	1301	-0.52362727248842	21.0136507143107	-2.761012605539	0.0195423976361348	0.0753592936084448	-3.78076641283722
1081	1081	-1.36111016819129	18.6507102841994	-2.80080237058119	0.0182348321261281	0.0723799778257966	-3.78640120729217
592	592	1.11661015441893	18.6089461216367	2.79228479896769	0.0185071517356872	0.07301297056701	-3.80103374336797
2537	2537	-0.901043816667032	18.940591528305	-2.76026652890474	0.0195677918488697	0.0753592936084448	-3.84401740354763
2036	2036	-0.913115263502486	19.5309327672124	-2.76040869530341	0.0195629503847653	0.0753592936084448	-3.8557432966144
1308	1308	0.350802609004016	24.7953395369352	2.75359501947104	0.0197963431381768	0.0757883669254463	-3.86742674590527
333	333	0.809778417336913	21.7394137891938	2.72392912257895	0.0208453989517839	0.0784062136978332	-3.88500181758686
1102	1102	-0.492743196612506	21.5556574243688	-2.73827984579036	0.0203311602427871	0.0773780039828428	-3.89356360187037
533	533	0.521566011610642	22.4453509293764	2.71849930021714	0.0210433399929411	0.0784062136978332	-3.91157240025503
575	575	0.705354677321454	24.2451581213045	2.71378959748051	0.021216548818146	0.0784062136978332	-3.91178152729692
354	354	0.645766795776703	22.62325684381	2.69930571850945	0.0217581900290661	0.0795341748520102	-3.91221601703271
1840	1840	-1.0914121540991	20.6506745334006	-2.71452952495569	0.0211892425461954	0.0784062136978332	-3.91345865350648
647	647	0.447383834833795	22.2191803793273	2.68845081743959	0.0221731438037366	0.0799010447401575	-3.92310818110913
1581	1581	-0.977425267056695	20.5478869456776	-2.72054916898001	0.0209683936088439	0.0784062136978332	-3.92403175452468
350	350	1.52689189603307	21.8555288616034	2.71076783345543	0.0213284290739083	0.0784062136978332	-3.92846840010338
747	747	-0.850973018146737	21.4424249713036	-2.66172763777311	0.0232286099312723	0.0821251946750449	-3.9486459642706
292	292	-0.485005671201022	25.7717971918557	-2.69226366586442	0.0220264974688162	0.0799010447401575	-3.94937466989689
571	571	-0.822781273375275	21.9123148921227	-2.65626863941714	0.023450295948691	0.0822935656662684	-3.96095115727424
342	342	0.52044792063785	22.9461814592373	2.63587510956739	0.0242972346042894	0.0840658330961242	-3.96615123961589
1343	1343	0.904680129477291	22.1351119405896	2.6870041454609	0.0222290387221458	0.0799010447401575	-3.98138484878683
528	528	0.835672323188934	21.658586184991	2.68218216111746	0.022416361283011	0.0801292030392712	-3.98961972636333
582	582	0.748246275024017	22.8622174742801	2.67079843146494	0.0228648542067225	0.0812833003942277	-3.99472126916702
1383	1383	-1.04024936695586	20.9768040029323	-2.65430338608833	0.0235306176943735	0.0822935656662684	-3.99620458329866
574	574	0.858614886721231	23.1275612586524	2.64085731233427	0.0240875593285394	0.0837884456213172	-4.0600893090145
516	516	0.386430694851544	20.9669728579684	2.55396336933008	0.0280158157232644	0.0925221902659104	-4.11078146800056
560	560	0.356295008619804	21.5531590563894	2.59121391968206	0.026259576100613	0.0898938927888709	-4.12747353192795
1213	1213	-0.750588203323881	17.8781594454797	-2.5935791036544	0.0261518203718714	0.0898938927888709	-4.12978473814439
543	543	-1.30590309668847	21.056227427383	-2.57969539661487	0.0267906686067358	0.0912292767818844	-4.14205250610543
589	589	0.443007169054807	22.4171253989752	2.56272530658779	0.0275925471205634	0.0924993678083135	-4.14935135992374
1735	1735	0.710086635904477	18.1415613703862	2.56430725624344	0.0275168034858409	0.0924993678083135	-4.15101863339592
422	422	0.458980701066671	20.1692754852343	2.55974075433863	0.0277360090576962	0.0925010198986053	-4.16240936156167
1460	1460	-0.629292158749165	18.4528842529903	-2.55015260145905	0.0282019014255517	0.0926224884382334	-4.17061422324953
2428	2428	-1.1367774337303	19.4932733778902	-2.57117171375421	0.0271905089129086	0.0921060694589102	-4.17845788286571
909	909	0.603122798199745	22.1338464527752	2.55370568366135	0.0280283605751444	0.0925221902659104	-4.18148090374174
1106	1106	0.356142043746921	20.1778716883483	2.42884765219865	0.0348059379278833	0.10622378226104	-4.19308511113479
1387	1387	-1.23547602417085	20.1533305506847	-2.53383480921448	0.0290126274302319	0.0948038886230306	-4.21264564223831
1310	1310	-0.686167384978807	21.3547297170356	-2.484149598962	0.0316253444157665	0.100419656679301	-4.24107399238643
75	75	-1.05947252341444	19.8781060720069	-2.52053189566299	0.029690547603499	0.0965315793942906	-4.25311501332225
667	667	1.17360809262451	20.2083129304364	2.50973169287471	0.0302523966408094	0.0978665031330185	-4.26201416135409
262	262	0.409208313310941	24.9673328494051	2.48947678247362	0.0313344792515203	0.100363406315513	-4.2724017464901
1282	1282	0.472143189057865	20.9790957611182	2.48347334469794	0.0316624574382959	0.100419656679301	-4.27435058174348
427	427	0.588665418626038	19.9893060147161	2.45922676208106	0.0330217714664322	0.103212976515853	-4.28930213175263
672	672	0.907778330622115	19.306328823053	2.49496818850433	0.0310374023690806	0.0999064643422644	-4.2928129535246
364	364	1.18094649510913	19.1954885576266	2.48054847350198	0.0318234689645115	0.100437972780678	-4.30808439781887
633	633	0.890064970450792	20.4415822940087	2.45137745380559	0.033473976955435	0.1036251822496	-4.31779987139417
1643	1643	-0.946346234439835	18.3740154766433	-2.4713209966851	0.0323367263657427	0.101562436692406	-4.34687988686472
1412	1412	0.827292001123416	18.5025652825127	2.45171644016356	0.0334543227181261	0.1036251822496	-4.34800315710545
366	366	0.559175568240062	20.1272778817053	2.44427189609364	0.0338885697642228	0.104409069702153	-4.3534045075511
428	428	0.493404775201483	19.4194068478167	2.40552259007729	0.0362395789090371	0.1095654558605	-4.36058618334236
2565	2565	-0.642092957296605	18.576894631249	-2.43597808635712	0.0343788649527155	0.10541765698771	-4.37260059314726
857	857	0.473385940601561	18.3823338665278	2.36665459957417	0.0387577275129557	0.11555254585291	-4.40262977653343
1950	1950	0.641589623906492	18.43610634405	2.42503256542201	0.0350365696011306	0.106425636300148	-4.4168742979992
1674	1674	-0.75259484979826	20.4320359926063	-2.3447609019618	0.0402504406064383	0.117330685026377	-4.45799168393288
1410	1410	-0.57713869510661	18.2175307580407	-2.33824195007519	0.0407056111771326	0.118101033325582	-4.45982869077019
1937	1937	-0.739231455017997	19.8327716421403	-2.38429931512395	0.0375940936249859	0.113131993373795	-4.47197168682747
935	935	-0.578331903957872	22.7745223207382	-2.36865697366403	0.0386239286479827	0.11555254585291	-4.48456128148023
959	959	-0.405422609569561	21.062802192611	-2.34464123527254	0.0402587512764385	0.117330685026377	-4.50662188587052
624	624	-0.550913572645456	22.2338494974453	-2.35873379092242	0.0392914375388565	0.11555254585291	-4.51611710694583
169	169	0.978632620151126	18.9433820960035	2.36273674599361	0.039020826649935	0.11555254585291	-4.52329193365073
890	890	0.663755932491705	20.3623011738354	2.35952563324807	0.0392377621656848	0.11555254585291	-4.53345420728734
861	861	0.427215602711811	18.3998008215296	2.33225164974707	0.0411282795250783	0.118794628806811	-4.56253655813109
523	523	0.619886079250173	20.9057055054061	2.32795597609354	0.0414339998031052	0.119145768322707	-4.57755328163024
439	439	-0.400298680838672	21.2684535604296	-2.29050077845012	0.0441947942051355	0.121683472955454	-4.58302453140024
1897	1897	0.663682688506324	18.4677521513582	2.28210256767579	0.0448378544924912	0.121891142254798	-4.58795763939845
1842	1842	-0.914848300307463	20.1412707608299	-2.30005373299166	0.0434741690522894	0.121683472955454	-4.59155953111301
45	45	0.598330741176198	22.7385811713566	2.31303903090936	0.0425128624700529	0.121294572983073	-4.59230250745391
646	646	0.426798284979078	20.9846047647968	2.31244738658	0.0425562103047258	0.121294572983073	-4.60513901876763
1005	1005	0.702697737901089	21.4156515198889	2.29123507502091	0.0441389946948749	0.121683472955454	-4.60794485408745
1229	1229	0.648945640914655	19.5648308953755	2.29478909514014	0.0438698860255842	0.121683472955454	-4.60897062983995
903	903	0.567495824300187	20.425681617885	2.28608341326093	0.044531915709004	0.121683472955454	-4.61064027979751
102	102	-1.39328042614176	18.1325526570152	-2.3097335552101	0.0427555938189142	0.121328373687884	-4.61576005103506
894	894	0.774099765317747	19.1605791653361	2.28846457764171	0.0443498835110773	0.121683472955454	-4.62438024330646
1419	1419	-0.399438467536185	20.4206559513731	-2.29199951971936	0.044080976698257	0.121683472955454	-4.63445160921301
1796	1796	-0.59601553389461	18.1786086296142	-2.28554221060166	0.0445733896297411	0.121683472955454	-4.63603342719689
1485	1485	-0.771101295554629	19.169168867217	-2.2706879317779	0.0457264163650997	0.123786574846107	-4.64512435867155
1000	1000	-1.31509474797807	21.1932779372836	-2.28601841192889	0.0445368949742191	0.121683472955454	-4.65477118269343
979	979	0.404202534565533	18.8735382790693	2.2028830834982	0.051365414400351	0.134005738375109	-4.66413070214641
921	921	0.598926302205042	20.0131450053658	2.24203299460782	0.0480326369767005	0.128950689310893	-4.67115458339345
530	530	0.900221081005267	20.8237571360313	2.26089560379488	0.0465022349335771	0.125362275008435	-4.69595726470593
514	514	0.365580313527473	22.3135582518557	2.23273145792555	0.0488050785079189	0.129702090144516	-4.71202979823411
847	847	-0.328309337282827	22.1703918598669	-2.23143216410324	0.0489139258041142	0.129702090144516	-4.7122796975423
1794	1794	-1.10565354381649	19.0110456819161	-2.23155666905334	0.0489034853812262	0.129702090144516	-4.71951300553531
663	663	0.722250733333628	21.6348671475544	2.22250094704624	0.0496684822102903	0.13116533873493	-4.75202884911201
1205	1205	0.473903579276829	20.5122419582681	2.20611004365229	0.0510825060076084	0.133807212092804	-4.75398705551158
1197	1197	-0.50204928119393	21.871528888192	-2.17341126091146	0.0540197485832011	0.139246124833988	-4.75483376406624
627	627	0.701464787487023	19.9211411872255	2.21944658925017	0.0499290918787504	0.131317570916876	-4.76357720008944
938	938	0.415833154030927	21.1155565574942	2.16627756537811	0.0546817233475347	0.140393154785139	-4.79517609512553
704	704	-0.829513381936992	19.8576187309911	-2.1838633836858	0.0530636848377923	0.137880337711051	-4.79635702435865
820	820	-0.485151418447356	23.2992954088204	-2.14080514736991	0.0571093412104846	0.144900955934053	-4.79663062550805
832	832	-1.62677731535681	20.1618216691233	-2.18098187063651	0.0533256275606391	0.138006724126934	-4.82593998519545
1261	1261	0.498300619368487	19.5842075499971	2.15333158610134	0.0559029272370795	0.142961240799962	-4.84432766664317
1216	1216	-0.853580147311369	20.9856664076593	-2.14514546678681	0.0566885393138429	0.144399546992348	-4.8550060295648
1219	1219	0.865798427408925	21.7052682647184	2.10930349524307	0.0602539931341535	0.148332075566936	-4.87688259855844
1315	1315	-0.33807951493125	22.0069277671379	-2.11141167029495	0.0600384963108695	0.148332075566936	-4.88730726463608
519	519	0.385599368196513	22.890157854416	2.12500178821897	0.0586668314966667	0.147694318981881	-4.89107801484888
1189	1189	-0.787537973662069	18.7555576254515	-2.09484264105197	0.0617521277551909	0.150643090813439	-4.90222519854661
2391	2391	-0.946548387452835	19.1315731571268	-2.1310402374309	0.0580669929414885	0.146755251691965	-4.9063164398485
1827	1827	-0.992586184725242	20.7446324190074	-2.12231868069435	0.0589352531112097	0.147794995205243	-4.92028100969558
636	636	-0.906988967429943	21.6071463397534	-2.10666253969725	0.0605249891030466	0.148332075566936	-4.92649335675326
801	801	0.451835418776282	21.3560456718117	2.11652021818598	0.05951934094906	0.148332075566936	-4.92854060042948
466	466	1.38150910862445	22.1388631108883	2.10708377415433	0.0604816874537328	0.148332075566936	-4.93994527669665
1055	1055	0.644428502063519	20.9222126924652	2.10959834260205	0.0602238097441969	0.148332075566936	-4.94060862705491
1124	1124	0.728945205360243	19.7518218467869	2.07765868231315	0.0635783867503902	0.153489612789188	-4.95454793123813
991	991	0.678185380961115	21.1855385785247	2.09311332477047	0.0619336354812593	0.150643090813439	-4.95778962501511
1009	1009	0.519130149740348	21.4650745551804	2.07769839337803	0.0635741079063071	0.153489612789188	-4.97315773257341
740	740	-0.437126073550773	20.6732621063076	-1.98886823573037	0.0738575066891972	0.171275293290002	-4.99336446447892
637	637	-0.512669792430269	25.381441540015	-2.04351447693552	0.0673600968690672	0.160227877478994	-4.99798978338644
799	799	0.758858967339235	21.0767906086067	2.07257054680612	0.0641288948208719	0.154243103900015	-4.9995058878389
1077	1077	-0.955677290002237	19.372431938001	-2.04381652311174	0.067325729464421	0.160227877478994	-5.0137431920343
566	566	0.530737445497201	20.7034656279409	2.01398283933309	0.0708013702934995	0.167184257590855	-5.01708248750765
1312	1312	0.443655214538492	23.2444375909859	2.02666363650492	0.0693038710259574	0.164247635728185	-5.02368064845641
490	490	-0.477265369431948	20.9253155834594	-2.05136292635608	0.0664724437517113	0.15928767076799	-5.03096848839481
829	829	-0.427373281620908	22.2726147008314	-2.01132621548856	0.0711189327895357	0.167323452781198	-5.05374094813492
1491	1491	0.597498148896499	20.1336932239367	2.00556456622748	0.0718122693789175	0.168342530029564	-5.09425734993935
1500	1500	0.722627608581724	20.4396943798657	1.99180736967574	0.0734935509009552	0.171275293290002	-5.12646834883039
1362	1362	0.411675824391239	18.9834287934329	1.97048279256377	0.0761728393805966	0.176013668140164	-5.12741161509259
945	945	-0.330576978460439	19.9415023170713	-1.90288921590287	0.0852812503133158	0.18767676514529	-5.12875611865553
553	553	-1.2689347499371	22.0660178351368	-1.98976925349543	0.0737457533476923	0.171275293290002	-5.12964433213125
700	700	-0.296806186141169	22.2886799280661	-1.95719226308888	0.0778887015114597	0.178057495403757	-5.13035629874839
353	353	1.09475937316675	20.6612775606902	1.9671306047317	0.0766022528855998	0.176376005754388	-5.14208420397818
697	697	-0.518207019752998	22.5802071770835	-1.93706826691242	0.0805556829652513	0.180970579439297	-5.15304699493077
483	483	-0.919583512661758	18.6757007358352	-1.96171208978127	0.0773011562464088	0.177354071246193	-5.15393561887373
1202	1202	-0.538131620633385	20.8989099449228	-1.95085076058539	0.0787200922661113	0.178083565371238	-5.16219743479759
621	621	-0.622155048077922	22.197174415084	-1.95480745767884	0.0782003894400949	0.178057495403757	-5.16289807630011
711	711	-1.20243843537584	23.591409141447	-1.95303070756518	0.0784333635086102	0.178057495403757	-5.16338266868202
953	953	0.298370968511015	21.9383897612449	1.93200003432434	0.0812406677339033	0.181250731116674	-5.18844627933032
458	458	0.728447028469819	21.0333844544914	1.94255670109983	0.0798199833726428	0.179942610599651	-5.19664286690157
962	962	-0.626004234262166	19.9394614390075	-1.9265971427207	0.0819768575364449	0.181640502829041	-5.21738502514948
712	712	-1.24034561138271	22.5827682164651	-1.93241802537094	0.0811839703971861	0.181250731116674	-5.21841604807259
681	681	0.750189223871125	19.5898075213978	1.92708134073072	0.0819106288193528	0.181640502829041	-5.22440082911812
929	929	-0.749743632702366	20.951537336001	-1.88594137324696	0.0877187832589572	0.189470033497021	-5.23477417414944
2815	2815	-0.688877507900651	22.3646269123639	-1.88137271684911	0.0883868342193169	0.189470033497021	-5.24325135476323
837	837	0.628397977799091	19.666311719295	1.90867268863673	0.0844639280048185	0.186512496310982	-5.25203264191541
1101	1101	0.42179350809198	19.8600331484203	1.89600953818525	0.0862630484289321	0.189192981547607	-5.26000892374233
541	541	-1.43806365323041	20.4500270943924	-1.88473491065332	0.0878947422027926	0.189470033497021	-5.26485295890617
141	141	0.396554057682079	23.1691341076464	1.88101818590392	0.0884388718950545	0.189470033497021	-5.27428392563425
1062	1062	0.572655853512654	19.5871493206048	1.89397737577181	0.0865550580186886	0.189192981547607	-5.27724443669502
581	581	-0.468993058885322	25.3982029563558	-1.88746610802189	0.0874968720266861	0.189470033497021	-5.27819838972315
302	302	0.737090577942537	21.9498388531758	1.87075417824199	0.0899577585328758	0.192088019045448	-5.28451702973714
352	352	1.24614373692577	20.8107672113003	1.882250299337	0.0882581454859222	0.189470033497021	-5.28933709134195
211	211	0.433730793046577	21.820809299832	1.86576668892764	0.0907044905500984	0.193045412453663	-5.29397017477685
148	148	0.690324309146011	20.4894883986455	1.85905108851784	0.0917190030002382	0.194564573577555	-5.31104530459131
253	253	0.836351677399362	21.2965922597948	1.85144673706159	0.0928804129142835	0.19638440246909	-5.32695421401921
964	964	0.385564976600219	20.5436180936392	1.84866183620229	0.0933091312560893	0.196648234275862	-5.3348602880871
570	570	0.339405948863133	23.9973806678976	1.80122661605962	0.100896689155291	0.20723859645547	-5.3534712446821
625	625	-0.397223636482815	22.9945200267469	-1.83250141598158	0.0958331087072332	0.200660263215469	-5.35774679073589
893	893	-0.538781983499407	22.8209129319306	-1.83259563301902	0.0958182133550222	0.200660263215469	-5.36314154964893
1637	1637	-1.23349268486638	22.6195378659471	-1.81993889752404	0.0978383578147063	0.204025527220848	-5.36759685997735
511	511	-0.585319227231241	21.7550874960466	-1.81849675601889	0.0980710030381512	0.204025527220848	-5.38555129935329
568	568	0.363981077857455	22.7972219552918	1.79588297336234	0.101785982440615	0.208175274696398	-5.39286830376848
1518	1518	-0.848184100762148	18.8402324832907	-1.81331429184033	0.098911229054861	0.204680950971941	-5.3929762206109
1069	1069	-1.76619869258843	22.578073331368	-1.80255960921174	0.100675962027143	0.20723859645547	-5.39410465223712
699	699	-0.3893761743182	23.2558889755073	-1.81265396414607	0.0990187598983272	0.204680950971941	-5.39979615753826
1808	1808	-0.603377021736541	21.0472951888954	-1.78597025980879	0.103454663778241	0.210487948001642	-5.40263451683683
1420	1420	-0.503834424455112	20.3455692765195	-1.7946258548719	0.101996231960986	0.208175274696398	-5.42152401615452
301	301	0.841983917231107	24.4699172235657	1.78331948720374	0.103905102330962	0.210741696577217	-5.43544705098459
1666	1666	-0.651588962800092	22.5541706793094	-1.75998162188039	0.107948699617425	0.216903132461099	-5.43728383978373
1490	1490	0.909036679574853	23.5456054222855	1.76573339886607	0.106939038144541	0.216217367748495	-5.44667559489599
1573	1573	-0.781067892444219	21.7975037123655	-1.7605999140097	0.107839750785608	0.216903132461099	-5.44882785369221
1339	1339	-0.461273962270573	18.2995873081522	-1.75576282969329	0.108694764990012	0.217726046280302	-5.45445573707416
856	856	0.226872335420311	21.7626558718419	1.7286750135349	0.11359762250228	0.224078237070047	-5.46727405450384
830	830	0.366307837403481	23.2434836259505	1.74163447762519	0.111227501500123	0.221923925358022	-5.47004130598948
1542	1542	-0.28300401309699	18.4468827042164	-1.69877804272263	0.119240477143814	0.232025423485872	-5.47237617811005
1618	1618	-0.484517488237077	21.3386267966215	-1.70201623315753	0.118617315269407	0.232025423485872	-5.50061151698781
927	927	0.917664604692385	18.3152722779344	1.73837439293245	0.111819473982558	0.221923925358022	-5.50781200663955
2153	2153	-0.983026412656969	20.2638208936114	-1.73922833315013	0.111664138472447	0.221923925358022	-5.50806309174192
882	882	0.442008868720746	20.4136685140834	1.73578567048947	0.112291571271808	0.222179347439937	-5.51308067094411
694	694	-0.373113306011906	22.9762990043303	-1.70146377027139	0.118723424052249	0.232025423485872	-5.51647954736505
1521	1521	-0.444834529662434	17.8579752720975	-1.71792515225001	0.11559820709557	0.227331428543569	-5.53090454802393
293	293	0.731985951627653	22.1757880193476	1.69785019176421	0.119419576539096	0.232025423485872	-5.54315532356346
784	784	0.207906775631502	21.6143472701812	1.69175438831846	0.120602256954762	0.233549383033828	-5.54597735493154
1569	1569	-0.302065052390968	24.1963766872581	-1.67912021885104	0.123087064070525	0.2353881500386	-5.55640625154684
1822	1822	0.39988468365376	18.7473022815156	1.67605388475642	0.123697018567425	0.2353881500386	-5.55690620587378
1384	1384	-0.813003841990693	21.2024961139352	-1.67699416673229	0.123509690321224	0.2353881500386	-5.55827261513992
1171	1171	-0.824468501194772	20.6599999444966	-1.69009573950211	0.120925878386913	0.233549383033828	-5.56060381233257
1686	1686	-0.525289246870181	20.136069372228	-1.68590185247037	0.121747638433188	0.233859705070382	-5.56552472622045
755	755	0.488014484810226	20.7444508140781	1.68558737316967	0.121809459982564	0.233859705070382	-5.58561991992853
1977	1977	0.342133949760381	19.8474223099323	1.59903747795525	0.139929897558302	0.260516599356751	-5.61622196283168
763	763	0.821048756334051	19.600675613578	1.64289964407972	0.130466968479965	0.24735352133186	-5.62961855275815
1145	1145	0.247676043239179	20.2147501654677	1.62878338830978	0.133448428807702	0.250991666972626	-5.63394003647227
288	288	-0.959192488425991	23.0491241921593	-1.6415498579873	0.130749465680829	0.24735352133186	-5.63597042349534
1406	1406	-0.646211274552601	19.52041918692	-1.63386258678941	0.132368751386984	0.249686828418013	-5.65660534739136
538	538	0.334633097461786	21.9173061143522	1.59816877046209	0.140123302281529	0.260516599356751	-5.66226814376069
463	463	0.926333821764579	22.0302003586401	1.6248521973639	0.134289444284513	0.251841363629217	-5.67176572630495
1610	1610	-0.705993937427246	20.6514931478961	-1.58883187693185	0.142216981156369	0.263651538132295	-5.67688164320335
918	918	0.836097507865036	19.3163184729612	1.60322751800351	0.139000359074005	0.259922636765553	-5.70199101602911
617	617	0.84986105416375	19.9402002618579	1.58121934212465	0.143944373953815	0.266091456994624	-5.70968797701866
2165	2165	0.369262811243409	20.0265131968251	1.55914209215293	0.149058916903373	0.274761023465762	-5.72254335823938
745	745	0.457693172487467	18.5889615472126	1.4878732167884	0.166670107883697	0.295827531266589	-5.7357022243583
1900	1900	0.539676614289624	18.3256340597522	1.55444517911762	0.150167388422378	0.276017898605905	-5.7430361216265
1599	1599	-0.390169624341016	20.3442632940262	-1.52448868895408	0.15740832272067	0.282959323043865	-5.74704171205023
841	841	-0.341546295199969	21.2322982830902	-1.53214651541359	0.15552890275102	0.282959323043865	-5.747159233475
263	263	0.492420906671584	20.2064085544079	1.52912191342272	0.156268864550605	0.282959323043865	-5.75080732317697
609	609	0.238697948780088	20.4174176485527	1.38029647472856	0.196640847809762	0.335690312751757	-5.75210720932797
840	840	0.473532391554055	20.3476841780959	1.5440727722409	0.152640890581534	0.278979254819922	-5.75502772892117
229	229	0.333101488492728	22.78281051625	1.51454037581586	0.159879396681617	0.286542852224394	-5.75758579155861
1416	1416	-0.506944875695522	20.1930256334438	-1.53024287712211	0.155994266168481	0.282959323043865	-5.76818298224751
149	149	0.444810933280361	20.3233692686288	1.48703018122125	0.166888792754722	0.295827531266589	-5.77962999978759
1782	1782	0.8332914565088	18.6447837238509	1.54593219830583	0.152194869102925	0.278952068865702	-5.78088908403567
1690	1690	0.558888249651238	17.7149201328046	1.52556790430764	0.157142264499104	0.282959323043865	-5.79745953666344
880	880	0.253634508450428	24.2174158643189	1.5243498021144	0.157442590874484	0.282959323043865	-5.80297804797162
1083	1083	-0.967936044570477	22.5067691325231	-1.50086233213058	0.163331892180448	0.29111772518113	-5.81518183148703
505	505	0.485646702881402	18.9110870473964	1.46177221504893	0.173556531900771	0.30431185945745	-5.81544698400316
2793	2793	-0.602427247121312	20.1346086091159	-1.50538034910298	0.162184408641058	0.289871028703769	-5.81689166859856
160	160	-0.587012743349612	20.5668379763476	-1.47970823242274	0.168798561643502	0.298395271539196	-5.83017945751871
1571	1571	-0.30390168703747	18.0711207043402	-1.37557147728775	0.198055702985314	0.336931412186158	-5.85466530817974
1072	1072	-0.512617913273929	18.3540486021006	-1.46414658289598	0.172920123078976	0.304019890304613	-5.86342906671954
558	558	0.373339417316502	21.8430445910217	1.46513861069058	0.172654821431856	0.304019890304613	-5.88907766427941
280	280	-0.672886932119359	19.0673037324357	-1.45987588567758	0.174066254565375	0.304380720821075	-5.89273053388085
923	923	-0.182978526609332	23.079032979104	-1.44756550213816	0.177406548758205	0.308553863028384	-5.89346407440856
713	713	-0.766646870298874	20.8198149773106	-1.44915082846916	0.176973329703093	0.308553863028384	-5.91004160069074
629	629	0.739316878877275	19.9972133530696	1.43804863454433	0.180026323015132	0.312270860565122	-5.92172843730882
1360	1360	-0.177789990471213	23.5782930577557	-1.39809255297202	0.191388187394482	0.329330205436782	-5.92339522271205
1572	1572	-0.304079171567327	17.8574940244718	-1.42415249983777	0.183910899186958	0.318156020785995	-5.92921401798273
605	605	0.364769210745312	20.1929165130633	1.40336398543493	0.189855232018117	0.327563560308591	-5.94010006554037
1804	1804	0.280623166317141	17.985956424709	1.39255882715505	0.193008667941839	0.330361397244365	-5.94899457121661
2283	2283	0.315935404285635	20.4585374277003	1.39604224976462	0.19198724605748	0.329484743233925	-5.9593535586712
781	781	0.497141512132782	19.5398833944103	1.35926886982908	0.203003200924016	0.342932300255452	-5.99167880127952
684	684	-0.217763436984122	21.6634517309646	-1.3721582732051	0.199083071471285	0.337190437806077	-5.99385953476038
1208	1208	-0.3586717781939	20.1548533203812	-1.29049455597782	0.22502383578675	0.365800115621952	-5.99750809017821
321	321	0.681329791413331	19.193085923801	1.342032581043	0.208346158123455	0.34652947122333	-6.00391583777738
1223	1223	0.387312096446965	19.8638665114852	1.37439479179263	0.198409378737135	0.336931412186158	-6.00601915268354
975	975	-0.323471507053623	20.3561951043489	-1.34458034546168	0.207549080882717	0.34652947122333	-6.0167178615788
752	752	0.444614282441315	20.3760688900723	1.34968045731598	0.205961133251608	0.346121696659196	-6.01824827603874
68	68	0.548354339872829	19.8739104066568	1.35032981255687	0.205759682812332	0.346121696659196	-6.01902507375254
2359	2359	-0.35798171466664	19.0950910824998	-1.28963487258901	0.225311093283678	0.365800115621952	-6.02398414816509
143	143	0.436681774271937	21.0083495584474	1.34242410116921	0.208223503981426	0.34652947122333	-6.02868460722153
1889	1889	0.244340000999325	18.4291094037791	1.3475114916712	0.206635208824051	0.346354870749121	-6.03968329550471
707	707	0.513260181981915	22.5845555916232	1.32419118742626	0.213999602816576	0.354111874737404	-6.05582033650512
179	179	-0.436615542701058	18.4966031912962	-1.33290030905542	0.211224202261733	0.350415535547029	-6.05778529873428
400	400	0.231719540258395	22.2386832318991	1.25627510299626	0.236692153511065	0.376848190675734	-6.06539686555311
772	772	-0.625220592830754	20.0885169111349	-1.29800360542856	0.222527508461885	0.365122022697112	-6.0726377071273
2110	2110	0.258741924421329	18.3126868895818	1.28678775483525	0.226264588986608	0.365982972685838	-6.08352616828812
614	614	0.378516316459052	20.4789454301952	1.28881251308899	0.225586160947695	0.365800115621952	-6.08910360417955
526	526	0.412063695721029	20.4802193932856	1.29684657578042	0.222910663006737	0.365122022697112	-6.09146847637557
1372	1372	-0.260791165527313	22.9671598504095	-1.302743594707	0.220963500241218	0.364409511445599	-6.09253578465353
668	668	-0.841137898559537	20.1443327931754	-1.29415904812895	0.223802742360061	0.36565751087616	-6.09451515058156
986	986	-0.230263893575271	20.9100587432632	-1.3015720795162	0.221349208652427	0.364409511445599	-6.09612767448368
164	164	-0.499955874116922	20.4971694857227	-1.26926902174748	0.232204614360023	0.371872241314196	-6.10983224822838
1015	1015	-0.35699435323734	18.8693587490847	-1.2563134731806	0.236678798978568	0.376848190675734	-6.1108163448491
1043	1043	-0.431040110582316	21.1694838501343	-1.28451586861879	0.22702781301097	0.366301733212214	-6.11672847297664
1651	1651	0.503078542055978	18.7869159532207	1.27796408466912	0.229240661920239	0.368395456077878	-6.12458974599411
1090	1090	-0.706439337393093	20.1745180175409	-1.27730497529739	0.229464248530734	0.368395456077878	-6.12537897981451
1812	1812	0.310131687105985	17.9923027863639	1.24890133048585	0.23926994022945	0.378508482166467	-6.13141943483858
66	66	0.32880208574646	20.5375159371697	1.18632116672396	0.262071697921371	0.405646862572075	-6.13811754473688
1801	1801	0.519231972058147	19.1021246372644	1.24722667357403	0.239858543567622	0.378508482166467	-6.14351918451051
548	548	-0.578527861313924	21.3695546631149	-1.25522158857033	0.237059062758924	0.376848190675734	-6.15165080961527
1150	1150	-0.245476033297149	19.9925519672694	-1.21373079298935	0.251879497281189	0.394590883149949	-6.15762303336132
678	678	0.549947903140557	19.4170552015876	1.24761828309411	0.239720796797151	0.378508482166467	-6.16061861374915
733	733	-0.218878850525869	22.6186520939567	-1.17244999509711	0.267353217325669	0.408930334774723	-6.18548943449002
805	805	-0.504366823340318	20.2649226587467	-1.17920404520926	0.264771145204605	0.407873645112808	-6.18733863991453
1467	1467	0.437694477563892	18.6892575370049	1.21744784038002	0.250522093577884	0.393416977050707	-6.18745885948181
1631	1631	0.613314855558876	18.334899778283	1.22355133918102	0.24830594457939	0.3908855137296	-6.18873927830444
1036	1036	0.304852178894929	19.4886422376028	1.17959675994167	0.264621620265962	0.407873645112808	-6.19297582966265
1700	1700	0.254416123169999	17.6943820888157	1.19068559488217	0.260427160664555	0.404068040647404	-6.20259351774723
600	600	0.151131774746667	21.4536610774517	1.12473544150787	0.28616405540198	0.43057707870949	-6.20935962749839
1511	1511	0.491162919402539	18.8186244120282	1.19260358635783	0.259707053852081	0.403919384236289	-6.21121532100233
549	549	-0.388371513921894	22.014312743471	-1.20053173100978	0.256747257015922	0.401245109394448	-6.21525394503312
1652	1652	-0.531394133099085	19.6333129018393	-1.19866806955074	0.257440582846198	0.40135917373853	-6.2172266626659
1713	1713	-0.501077243599304	20.9399471536392	-1.17617642426621	0.26592615134917	0.408679857299081	-6.21732209507249
1329	1329	-0.43135760996218	18.3000733886302	-1.17401452536764	0.266753331939835	0.408930334774723	-6.22800975700867
1193	1193	-0.220399300645997	21.5660653535097	-1.10323289127589	0.294970967732672	0.437247317504182	-6.23117423143768
634	634	-0.425237285319058	21.327681280751	-1.16738014992137	0.269304469035515	0.410170614121767	-6.24480993064257
532	532	0.314057735516105	21.6459854806551	1.10237221216473	0.295327786320444	0.437247317504182	-6.2482519340098
1488	1488	-0.303044845918793	23.1849539162889	-1.16540944777338	0.270065968494394	0.410170614121767	-6.24954928436039
524	524	-0.17303991260236	24.3459926128427	-1.09126322740537	0.299963195742928	0.440996590571604	-6.25238311199079
994	994	0.569613848098514	18.4459304295073	1.16613556790136	0.269785190870846	0.410170614121767	-6.25416276809287
567	567	0.385608157030356	21.1413708507395	1.14798581496721	0.27687265208696	0.419523667213731	-6.25858174294878
1120	1120	-0.372463435930885	18.2883914035365	-1.14030678833924	0.279914920405426	0.422156068769954	-6.27356001945177
708	708	0.357200613978809	21.3566327788738	1.10736241846438	0.293263576756376	0.43719247502621	-6.27655539427831
626	626	0.384427895700283	21.6084104387011	1.14505227241592	0.278031788847171	0.420295718187195	-6.27758425589226
698	698	0.204122175060064	20.756440316413	1.12132689305254	0.287546349212971	0.43165310427098	-6.27790034492695
151	151	0.161093874808169	20.6889092701805	1.0219053404341	0.330168726355111	0.474709257670571	-6.28253784512904
1641	1641	-0.309476124665532	17.6443540752569	-1.09733521480607	0.29742268253081	0.439343551592316	-6.29769069698246
1575	1575	0.468156362748075	19.0758542653296	1.10360685062777	0.294816035986785	0.437247317504182	-6.30710393797339
1155	1155	-0.329246178610534	20.3094355588814	-1.11225453679034	0.291250768041033	0.436201960468862	-6.30821886632774
1688	1688	-0.351000570396289	20.1280718872898	-1.10852408938837	0.29278465021283	0.43719247502621	-6.31296404495215
1668	1668	-0.281623122837729	17.7581241742886	-1.08977940885176	0.300586547823921	0.440996590571604	-6.3143027347117
1684	1684	0.154174810513024	17.9237736558528	1.01490375668949	0.333340107801063	0.477148340148867	-6.31527494202197
535	535	0.230081883083622	21.9676991667878	1.09177776438508	0.299747270416196	0.440996590571604	-6.33528291339024
303	303	0.453951191373099	22.3052408737101	1.07091379917088	0.308598673308758	0.45070731745094	-6.33918918291149
912	912	0.218929616967998	21.3410835838129	1.07215156398361	0.308068064104684	0.45070731745094	-6.35126409684868
1528	1528	-0.404130488338204	18.3149788044376	-1.06427566851854	0.311456191012891	0.453856206273289	-6.35504352147522
493	493	0.270336839099334	20.8227995249773	1.04324283261119	0.320642619420448	0.463070925814799	-6.35758813522887
1318	1318	-0.284815711202589	18.3103919396555	-1.04637469382544	0.319261943481142	0.462880445659807	-6.35799084077166
606	606	0.227531746352176	20.6112309411317	1.06227211185192	0.312322594642727	0.454095997154707	-6.36630326283448
540	540	-0.165249772275721	21.886782783962	-0.950687065964509	0.363482831156819	0.508589113234757	-6.37102927437105
813	813	-0.21892776466275	22.8369735978664	-1.00941868611775	0.335840336556902	0.478271784816996	-6.37484264740011
2801	2801	0.585690010953651	20.5350500734171	1.04516364684349	0.319795300169913	0.462880445659807	-6.38397813945987
706	706	-0.45712942142289	23.3529407715604	-1.00949432809659	0.335805762896437	0.478271784816996	-6.38572741834128
1634	1634	-0.406450502366523	21.5386797319731	-1.01665647468521	0.332544095462355	0.47706436754799	-6.38879775682957
1425	1425	0.351241965269847	19.8221787758386	1.02401756918193	0.329216411794813	0.474394250403662	-6.39056054189677
1088	1088	-0.253352755004481	19.9077029332779	-0.966022578744064	0.356110959509663	0.501969043143251	-6.41670443884899
887	887	0.302830506490309	21.3398898142737	1.00676036134059	0.337057050531419	0.478271784816996	-6.41804654154551
93	93	-0.739852219575615	18.8205778458327	-1.00670633016711	0.33708181433779	0.478271784816996	-6.42285858873735
685	685	0.272572367703836	22.4351344276684	0.971343593054403	0.353578606775259	0.500580653355782	-6.42655460047508
27	27	0.177647404098423	22.5788525816754	0.925425394925249	0.375864401707018	0.520737190373534	-6.43027169124922
1058	1058	0.428697020750891	19.6528109928141	0.949502353660642	0.364056871400702	0.508589113234757	-6.44320429612909
2004	2004	-0.228820525242756	19.9962157368698	-0.913639681651092	0.381742442273654	0.525505021597987	-6.45211713331193
1134	1134	0.558461653801609	19.4544204619754	0.966218370780249	0.356017546467161	0.501969043143251	-6.45722899831866
1048	1048	0.324378696636484	19.1008867654959	0.904453575471117	0.386368733486126	0.528500149187153	-6.46109149104747
1073	1073	-0.152626665768687	23.3916534223997	-0.933243285539384	0.372000910366842	0.517601266682466	-6.46139111832585
877	877	0.207790451524589	20.0622621516029	0.961219271178537	0.358408201578013	0.504108927002118	-6.46729687997826
1638	1638	0.36489525398015	19.019436331607	0.948098810137292	0.364737787543937	0.508589113234757	-6.46889237869447
1003	1003	-0.601101572829552	19.6308962974663	-0.958412288074268	0.359755631019521	0.50490649299269	-6.46998322957845
1710	1710	0.173900249168422	18.6880420876662	0.904499513971726	0.386345500408406	0.528500149187153	-6.4741622088121
1121	1121	-0.519070809024078	18.5426876043127	-0.928691738181904	0.374246765387149	0.519608706449539	-6.48428802289623
552	552	0.239677320616859	21.1116960757279	0.877543582523864	0.400146831482353	0.541821299330981	-6.48813052437892
445	445	0.193580056434249	19.5060770836524	0.877258567707218	0.400294561174975	0.541821299330981	-6.49961492763726
1435	1435	0.328021624668147	22.0398910442454	0.909603949049556	0.383770079076968	0.52717460968747	-6.50073686610156
1676	1676	0.267778854352857	19.5618470401252	0.885912455273271	0.395825867164836	0.538514442925531	-6.50570896683219
1018	1018	0.243318467278962	18.2888959018127	0.888788603761562	0.394348382765956	0.538277222889396	-6.5059889948009
510	510	0.37542722156088	20.7824659469269	0.885210933479465	0.396186823543358	0.538514442925531	-6.50657337805653
554	554	0.538689360142918	20.6772278476262	0.917373166754214	0.379873404292226	0.525166864480919	-6.5085041373673
1862	1862	0.310461920819737	18.0014415685502	0.91417322236616	0.381474946970554	0.525505021597987	-6.51144786623934
1640	1640	0.265023415014251	18.6283534015391	0.846039064487677	0.416704382201394	0.558561540456771	-6.52546567817385
531	531	-0.303918875976288	21.0838601009743	-0.795324181653276	0.444320863575638	0.589089341666881	-6.52768728755616
1923	1923	-0.176153598367105	23.2999634744053	-0.699665713446562	0.499593105192558	0.641342736229335	-6.53539892316305
1006	1006	0.155335058509857	21.2972870744242	0.817789885125815	0.43194133193211	0.575033007736781	-6.5384140479985
1580	1580	-0.264407071374046	17.6564495202039	-0.851941044883302	0.413567531811146	0.556393872918221	-6.54246975910353
1004	1004	0.260191911821084	21.6079364669818	0.845524358073102	0.416978707945317	0.558561540456771	-6.5520999928738
1014	1014	-0.170389534114797	21.8906481867836	-0.864411341848331	0.406992715160836	0.549737550540837	-6.55609238418463
1441	1441	-0.560477169604372	17.9272554464382	-0.851803266042803	0.413640576311691	0.556393872918221	-6.56646678283087
611	611	0.179479873792581	25.1680386273101	0.789315292462892	0.447671180870615	0.59231749289016	-6.57286409651141
2203	2203	0.21018841247253	17.9537488230915	0.800021618659535	0.44171325459454	0.586834652407941	-6.57625559069438
1436	1436	-0.463570208321944	17.9712329970021	-0.830030808808552	0.425293677094097	0.568522746032812	-6.58567514015708
848	848	0.166191496628313	24.5497613085921	0.82051345788415	0.430456279721554	0.574237552535764	-6.59367923580489
748	748	-0.28480775868957	19.2100136805194	-0.764091851076863	0.461914152485833	0.607435887516939	-6.60068331855102
924	924	-0.124575742531912	22.6126047970773	-0.753862563858894	0.467772533403072	0.612999789705803	-6.60266231023012
165	165	-0.466263366036716	20.7915736357688	-0.783558711826481	0.450896275704811	0.595367123226557	-6.62398743504658
1057	1057	0.30739744796375	20.9015237965338	0.726870692518672	0.483456798863353	0.628105519808412	-6.62931189208726
1087	1087	0.240699494337923	21.7755469691826	0.772344819148138	0.457222121031722	0.602490249098827	-6.63130286926771
811	811	-0.279767512771708	21.8523438885738	-0.751415417763086	0.469181027414304	0.612999789705803	-6.63455482260089
1940	1940	-0.376514814172015	21.1679108066121	-0.751749254448871	0.468988723507848	0.612999789705803	-6.64388657994854
867	867	0.159114243392693	17.7183613687993	0.710290080650494	0.49325245829965	0.636994691656435	-6.64657586436382
993	993	-0.405213764721466	19.5728652395984	-0.750107503993446	0.469934923793011	0.612999789705803	-6.64976805446779
1104	1104	-0.457165299195221	17.8575343566797	-0.743539496297294	0.473732427736973	0.616710021621371	-6.65350432215601
709	709	-0.214778764579207	22.8082723605703	-0.673654875704916	0.515324954371713	0.655328989832241	-6.66386731546926
742	742	-0.226040708520365	19.4138524113964	-0.701061713745519	0.498757134999221	0.641342736229335	-6.66411070510426
1074	1074	-0.0873408172964025	23.2510555736051	-0.704671454660461	0.496599476058067	0.640039563764083	-6.66505789448464
760	760	-0.220028044045229	20.7913376942793	-0.718227467669541	0.488547918733888	0.632181006841651	-6.66951647999819
1153	1153	-0.131689855497622	19.751916285776	-0.62587136619089	0.544983200364334	0.676783360145343	-6.67037686495146
1702	1702	-0.322857440019572	21.0375893288037	-0.669422596872927	0.51791249657661	0.657038010362876	-6.6741240545511
424	424	0.336092901942795	20.1756301713758	0.718730828598688	0.488250514240884	0.632181006841651	-6.67414371597495
515	515	0.14077768387608	20.633061884433	0.587731977528488	0.569340576940298	0.700310557567249	-6.67598130830459
642	642	0.182023320688957	19.9781358121714	0.67631254053061	0.513704058569091	0.655328989832241	-6.67841491129897
2802	2802	0.13961556839623	21.8204785542936	0.622789198840196	0.546929322651888	0.677898988037876	-6.67871057672585
1116	1116	0.183363355789173	22.8415826382777	0.681119722487477	0.510779953048139	0.6531119162493	-6.6798817752545
547	547	-0.22299066700467	21.1513825176478	-0.684859678165948	0.508511955734536	0.65149947596088	-6.68074959825624
271	271	-0.225744123718652	18.824025044441	-0.667177912524784	0.519287991413527	0.65749379734746	-6.68244709226616
739	739	-0.256037943704634	20.8898651777631	-0.663829472768201	0.521343871819791	0.658807588022275	-6.68908806325507
361	361	0.323430364048286	20.1787649278942	0.64456166717945	0.533267129749582	0.667521950288233	-6.69476280821446
282	282	-0.211354889687606	18.5655182078349	-0.608449888168452	0.556035170269955	0.687867600697249	-6.69864869199349
835	835	-0.295580150579848	21.1949052221134	-0.652097208222429	0.528585166801621	0.665359149651067	-6.70243057137896
434	434	-0.0824308403263641	20.8635111133565	-0.560885665827316	0.586838645846991	0.712353853401507	-6.70244875446038
373	373	-0.218695030502104	18.9717123170206	-0.585879593416677	0.570538690212788	0.700452623468072	-6.70656147315933
640	640	0.391834829733819	17.8222490169628	0.673282215512833	0.515552481954576	0.655328989832241	-6.70696967196861
1520	1520	-0.25312131468316	19.0294983456581	-0.646548668046116	0.532030232227242	0.667521950288233	-6.71059066092039
537	537	0.150600123900423	21.2489584481289	0.63513247505762	0.539159495173032	0.67342894474315	-6.71379917407463
1354	1354	-0.275068563085691	23.6425066354332	-0.658301492425889	0.524748476199197	0.661817278949084	-6.71426293504879
1056	1056	-0.241067843063522	20.0782843597792	-0.574865726313236	0.577690840198426	0.702567619564627	-6.71812632278425
974	974	0.155630668871131	21.0309487211324	0.644350739879092	0.533398529055667	0.667521950288233	-6.71814953089582
1431	1431	-0.201692132549754	17.96865690797	-0.579078999837832	0.574949105419674	0.701871832465149	-6.72698171860494
764	764	0.323662830180141	19.6985668430681	0.629292098840285	0.542827943853088	0.675941395667359	-6.73145185746637
2257	2257	0.191490225271073	18.7492397572227	0.592168143741639	0.566476914700414	0.69811535964032	-6.73406725541224
1493	1493	0.118583499013068	18.1178007100715	0.555415834306998	0.590438742707747	0.714920515968714	-6.73591436341709
771	771	0.399539072662848	20.2580865314298	0.628604984541566	0.543260472561092	0.675941395667359	-6.73732127720507
555	555	0.0928282787146319	23.7564938841255	0.582645109648773	0.572634048751668	0.701438969614218	-6.74000635990946
562	562	0.0709617317198096	21.0476320789885	0.46490217469522	0.651649868292234	0.763440583938968	-6.74184462043281
435	435	-0.175061406771025	18.0545346277644	-0.546125084840632	0.596580366530512	0.717448879452121	-6.74203027848979
727	727	0.0926330570007915	21.6608767647841	0.480250875069851	0.641060096025278	0.756872047679479	-6.74951019347421
1365	1365	0.193857481859573	19.9401575682447	0.574909622110282	0.57766223907786	0.702567619564627	-6.75019092020561
1833	1833	-0.232519325087431	19.0859411142752	-0.581294289300589	0.573510378556293	0.701438969614218	-6.75165372787272
973	973	-0.242361513191166	18.6069294680688	-0.595365277362385	0.564418019962114	0.696905455945588	-6.75865022854263
54	54	0.24231664365989	20.4241497138354	0.549754374616956	0.594177250681545	0.715925051298843	-6.76466383331348
436	436	-0.0712208590212227	21.4119730611097	-0.398297482668632	0.698521479128827	0.800273357262952	-6.76690164458526
1451	1451	-0.183835066028301	18.799829929595	-0.549709811106578	0.594206727275856	0.715925051298843	-6.77585840035336
1351	1351	-0.141636523162135	21.0906165234688	-0.536694435240686	0.602848535090811	0.723641933587671	-6.78206605310442
1625	1625	0.379391073403844	22.0350348029906	0.531078130357194	0.606597615752277	0.726793809984673	-6.78301348324313
363	363	0.231792471718183	21.1254740919711	0.554317534234516	0.591163023250791	0.714920515968714	-6.78349370912278
384	384	-0.106668698802403	17.8839833326307	-0.409930443486697	0.690231772175845	0.798890798922669	-6.78757653473162
904	904	0.130322191963969	18.6964765580806	0.454253183091926	0.659045097619151	0.766910392373365	-6.78838882367
892	892	-0.138666195650978	20.0403193463141	-0.490363618132216	0.634128319300827	0.751625332020426	-6.79785433633383
290	290	-0.225582612377218	19.5912586962522	-0.528956590587383	0.608016934172114	0.72714779373264	-6.79800769062251
1908	1908	-0.0921039758137797	19.666988434102	-0.422687920202194	0.681189688227437	0.791256244673522	-6.8007526987589
1914	1914	-0.174584929935429	18.5573036935096	-0.490123061723618	0.634292784054332	0.751625332020426	-6.80132134156063
542	542	0.121383849790749	21.8893798017032	0.486655738347642	0.63666564575794	0.753057902752078	-6.801743798087
150	150	-0.198456671237158	21.0797572666448	-0.45872436083463	0.655935337018154	0.764666960451793	-6.80466222671692
751	751	-4.13119129183495e-18	27.1932378283206	-3.34000071933769e-17	1	1	-6.80597384904659
1498	1498	-0.126631662669826	17.9703035229087	-0.494165666765779	0.63153168266534	0.75110477699352	-6.80629135990493
1123	1123	-0.1065557119329	21.3943202260226	-0.461137645695407	0.65425970960741	0.76409031067869	-6.8082506822379
1417	1417	0.276869777354215	21.4645399198211	0.500256282893667	0.627382947262584	0.7475446903847	-6.80880433932371
693	693	-0.151082653444786	22.2874857164165	-0.508324733326987	0.62190780234788	0.742388096160661	-6.80934023192794
1292	1292	0.0641640886605495	21.066939387953	0.351212869133387	0.732488831515862	0.826322316598561	-6.81022583734938
774	774	0.278998989475221	20.3125298292226	0.463641368652599	0.652523404819551	0.763440583938968	-6.81467593906302
815	815	0.0553040560219294	20.0583951617909	0.28810481272341	0.778966227492384	0.863795534297571	-6.81495227028155
855	855	-0.0789399178236913	19.015024333426	-0.35564268900824	0.729265862930592	0.826322316598561	-6.81628927142647
1497	1497	0.152435423899345	19.1515264027632	0.397971140648644	0.698754636439846	0.800273357262952	-6.81808193369362
433	433	0.126086909475035	19.9428872865459	0.475885806505214	0.644063351466961	0.759032765754324	-6.82054915384915
1398	1398	0.0472774978190791	22.0079708750537	0.304086245452566	0.767101424539346	0.854242033867395	-6.82255573414663
732	732	-0.042096440489251	22.734721076854	-0.227685614564076	0.824335461720575	0.887429357293197	-6.8241544177076
1021	1021	-0.0535747689780751	20.6559208234573	-0.256777619560999	0.802394022302015	0.879913444795599	-6.82585082876783
1239	1239	-0.000366523229536272	21.3919232121382	-0.00262123678802569	0.997958505359039	1	-6.82726095223212
1924	1924	0.193999845884926	18.3460852040992	0.472712561238195	0.64625081869343	0.76022596308118	-6.82789021292943
875	875	0.0711671423409677	22.5769437409843	0.469954894934433	0.648154671660924	0.761081801387691	-6.82927294630002
725	725	0.0510241300768031	24.7832930064006	0.395323152494567	0.700647717655307	0.800917090676649	-6.83344384294636
863	863	0.0352096567341419	25.311538886087	0.282271930100588	0.78331162716489	0.86571822589003	-6.83582317048511
1076	1076	-0.0226542148231309	19.6779309418339	-0.10676024337799	0.917024809639333	0.946275999739471	-6.83989488849383
1430	1430	0.0474614438670749	21.7767607551076	0.204647723924315	0.841824706493383	0.897299151731827	-6.84063308246311
2312	2312	-0.0530330341966236	19.5392678632594	-0.263722952767691	0.797181405561974	0.875681442102882	-6.84284835196956
872	872	-0.0750325195117119	23.0389891621921	-0.411519020179275	0.689103025524765	0.798890798922669	-6.84309951306759
438	438	-0.0347510879751691	20.3408712835961	-0.250469797697086	0.807136968117649	0.88192016465322	-6.84448784939171
753	753	-2.77443604564083e-15	27.9016663520537	-2.33263613578419e-14	0.999999999999982	1	-6.84466759990793
421	421	-0.136380290990855	21.2230880544797	-0.398119787400562	0.698648430682718	0.800273357262952	-6.84559740542452
1440	1440	-0.141520461497779	20.7543833748969	-0.402705946920765	0.695375038108134	0.800273357262952	-6.84842765962934
583	583	0.0945849668161313	22.3314374221701	0.397840928215496	0.698847676744309	0.800273357262952	-6.84881090547027
320	320	0.229383861889485	19.7776903960403	0.399146877912102	0.697914776366143	0.800273357262952	-6.8495658561621
598	598	-0.153814480251695	21.2435347784774	-0.358871842123177	0.726919914726197	0.826322316598561	-6.85094139798285
686	686	0.0466397794143582	19.0060133580738	0.307571990715144	0.764521770808948	0.852837216747223	-6.85186036055225
1495	1495	-0.0123906676408568	24.264856814027	-0.0586642980776195	0.954339224445896	0.972373981443299	-6.8524864694586
834	834	0.228661170238149	20.6684817253369	0.323364367587186	0.752872572320322	0.844208932913776	-6.85285478019226
1685	1685	-0.122470011814786	19.3407335751616	-0.364852765410194	0.72258262314254	0.823082671079619	-6.85335339365305
1066	1066	0.0512665876186251	18.4956363503906	0.119355796842666	0.90728357055673	0.940725112420199	-6.85477657698685
1010	1010	-0.110717504393851	19.2150688616779	-0.365578551491023	0.722056985776894	0.823082671079619	-6.85911653013107
980	980	0.0693129553929587	21.1762527256597	0.299600013499739	0.770425869463044	0.856469995777645	-6.86077710121211
1366	1366	0.052014794187505	19.3770545559041	0.193253455739813	0.850508655805317	0.903578161422069	-6.86395256415111
518	518	0.127011707602173	20.3848907910703	0.235636294371251	0.81832238622174	0.883897468923983	-6.86464247093385
319	319	-0.162040415892325	20.5200901063057	-0.350387887261629	0.733089659548028	0.826322316598561	-6.86519982289949
696	696	-0.0908169649890167	21.2481779831331	-0.346483502810027	0.735935740986746	0.828087694640738	-6.87129073855158
1388	1388	-0.11234081843389	21.4886552418244	-0.224558695930517	0.826703620486858	0.888500402749165	-6.87319302663902
902	902	-0.0430075993916679	20.7618510347602	-0.149942104279799	0.883698505493568	0.922131118009011	-6.87444566178827
911	911	-0.0656606632282832	22.2843167599827	-0.341804071288186	0.739352289384255	0.830487727832662	-6.87484920293266
1217	1217	-0.0529958336259811	22.1495167226214	-0.21544475720018	0.833616296310453	0.891487179690682	-6.87555203061966
2471	2471	-0.129651994083273	19.7987067692034	-0.352483665413145	0.73156368950138	0.826322316598561	-6.87562383760744
275	275	-0.0594722475571967	19.9961577685028	-0.220590692498877	0.829711382256916	0.888780238940769	-6.87592006810403
728	728	0.0257499464653084	24.6415999439355	0.15247440971006	0.881750819665411	0.921636155611504	-6.87956771039482
1627	1627	0.169061572772467	19.8758373786989	0.354364690951981	0.730195124084627	0.826322316598561	-6.88019384504849
1031	1031	0.0367206468317323	21.7936088291259	0.229659130800529	0.822841772722062	0.88729771158529	-6.88032118659109
827	827	0.0573206948983074	24.3839276889743	0.247331959634567	0.809499412785161	0.88192016465322	-6.88113680892621
1135	1135	0.0735244428259629	20.6433637278228	0.287138440693645	0.779685613647267	0.863795534297571	-6.88136204497671
431	431	0.11344732486805	20.4931417281712	0.315680683015353	0.758532541903396	0.849084004518161	-6.88256338964592
1554	1554	-0.049366089793807	18.5304399697741	-0.182144908278585	0.858994999738119	0.908120530768893	-6.88258674011168
371	371	0.163443357494849	19.987626282911	0.277783673687422	0.786660616608699	0.867068856807203	-6.88349870493134
1105	1105	0.0647283203863085	18.4039942723229	0.243479659261392	0.812402500978855	0.88192016465322	-6.88445914832688
1052	1052	-0.0135569180402946	20.6352559780822	-0.0366127265852877	0.971491904929902	0.982117597640073	-6.88845477549304
1131	1131	-0.0192505907202505	20.8736414081674	-0.0677885232386468	0.947248592424286	0.97126757416563	-6.88870238452219
521	521	0.0557775827656674	23.2944501289986	0.246888893309261	0.809833154354766	0.88192016465322	-6.89363796755479
443	443	0.068474958890274	19.1909171120281	0.31190014378669	0.761322870777612	0.850735574081372	-6.89540410850828
1340	1340	-0.0430006813136912	20.4234093764802	-0.16212394569956	0.874336674879692	0.918337384167468	-6.89602444297051
616	616	-0.083071448496056	21.0974457041578	-0.236463752657081	0.817697280752504	0.883897468923983	-6.89817025454874
862	862	0.0201058220272686	25.3735080996475	0.163225120835967	0.873491387956795	0.918337384167468	-6.89820717841031
729	729	-0.0249467397220565	24.57238258299	-0.107032493783196	0.916814096804734	0.946275999739471	-6.89941693898281
884	884	-0.0134923453878487	23.1376425011472	-0.087039337973487	0.932304917635884	0.958984549619105	-6.90033807506024
731	731	0.0808103714521803	22.6640785351088	0.266276130437278	0.795267791729486	0.875065070151323	-6.90094381628016
355	355	-0.0845913420999325	20.6457204223501	-0.281218583750359	0.784097187591279	0.86571822589003	-6.90115933938675
576	576	0.0272659140021881	18.9868099840342	0.115782625864155	0.910045458856307	0.942079059008049	-6.90213218597125
931	931	0.0148990873986007	18.3976489082277	0.0402271482620737	0.96867916517202	0.98080660385962	-6.90282984246032
569	569	0.0629981593698519	21.6853242058214	0.17911833136405	0.861310448697663	0.909082969506342	-6.9035794504285
691	691	-0.0538937858702166	21.5791000255855	-0.211016722097088	0.836980233040944	0.893607608543714	-6.90413033206998
825	825	0.0109339410237814	22.2623727770049	0.0793948657111853	0.938236083476863	0.963553565094492	-6.9041336091563
455	455	0.0618553767482138	22.2070547079767	0.190172578838436	0.852860336723782	0.904591209607027	-6.905300107189
512	512	0.014216557044053	20.3730191564059	0.0657172619947196	0.948857815545486	0.971378175091661	-6.90652233921381
1409	1409	-0.0553745802760505	23.4953101077679	-0.158567362306315	0.877067911030844	0.919713028260869	-6.90695185798943
1489	1489	-0.0592198209665709	17.5719822906954	-0.198824209915837	0.846260312666965	0.900543457722906	-6.9085855813527
2095	2095	-0.0995131134629473	18.3384241930883	-0.252736950225432	0.805431311011726	0.881749675506915	-6.91341692470417
1478	1478	-0.119678957309942	18.6077515330619	-0.244567986514957	0.81158203607339	0.88192016465322	-6.91561144480168
448	448	0.0121063714641463	20.4278348405467	0.0473244928609973	0.96315736033478	0.976744219649848	-6.9172288714013
1775	1775	0.0796496140492785	18.6334539610401	0.236541662192789	0.817638430660992	0.883897468923983	-6.91769823008244
736	736	0.0525143021252406	20.5183255270882	0.163207273406373	0.873505086725041	0.918337384167468	-6.92041297004927
738	738	0.0522062967461235	26.152473506342	0.220675636253844	0.829646964274	0.888780238940769	-6.92162054472948
1152	1152	0.00998366244922398	19.9945905580228	0.0553463621960241	0.956918729920514	0.972817859755602	-6.92364578570249
1114	1114	-0.0498025704645437	18.6822897126077	-0.0953659084931253	0.925849460252293	0.953860829272665	-6.92573466856697
1699	1699	0.00704979437190114	18.7986722912973	0.0116682286156966	0.990912662537692	0.997076971480384	-6.92576975238465
1418	1418	0.0860757123742455	24.0764473375856	0.185701818966548	0.856275609755467	0.90672720051029	-6.92931322607663
513	513	1.61684731372757e-05	21.992967668785	7.16057733867759e-05	0.999944231293116	1	-6.93161506107082
276	276	-0.0442664587920198	19.7588498193856	-0.148153277396318	0.885074844333224	0.922131118009011	-6.93240547596682
643	643	0.147553393241523	19.6631099672944	0.153751267449716	0.880769054350156	0.921636155611504	-6.93519073199247
757	757	-0.0150933804606688	20.6427411931755	-0.0542360714614017	0.957782035029858	0.972817859755602	-6.93659635722491
735	735	0.0235176182822122	25.8093518332066	0.123384029935966	0.904171489917786	0.93900313639937	-6.93925015160485
1601	1601	0.0549194148994824	18.7765931530485	0.12344061338731	0.904127787335795	0.93900313639937	-6.93974814295231
190	190	-0.0362202337404593	17.8589945678937	-0.0631203123514787	0.950875799719872	0.971906228149696	-6.94585816877948
846	846	-0.00981534096728884	21.8490070232664	-0.0590199910633275	0.954062725604422	0.972373981443299	-6.94613024145974
341	341	-0.0103479798156664	21.4869858607239	-0.0264456498580064	0.979405973917119	0.988573580537248	-6.9476429140115
730	730	0.00530065377964826	23.5500349734496	0.0145276957647182	0.988685834789388	0.996385880231673	-6.94790828307182
